index,timestamp,XRP_open,XRP_high,XRP_low,XRP_close,XRP_volume,XRP_BB_middle,XRP_BB_upper,XRP_BB_lower,XRP_stoch_K,XRP_stoch_D,XRP_VWMA,XRP_volume_MA,XRP_volume_spike,XRP_bid_volume,XRP_ask_volume,XRP_bid_vwap,XRP_ask_vwap,XRP_bid_percentage,symbol,exchange
0,2024-10-28 11:00:00,0.5183,0.5208,0.5182,0.52,2111.0,,,,,,,,False,,,,,,XRP/USDT,Binance US
1,2024-10-28 12:00:00,0.5202,0.521,0.5192,0.521,441.0,,,,,,,,False,,,,,,XRP/USDT,Binance US
2,2024-10-28 13:00:00,0.5195,0.5205,0.5183,0.5184,6852.0,,,,,,,,False,,,,,,XRP/USDT,Binance US
3,2024-10-28 14:00:00,0.518,0.5183,0.5164,0.5172,2985.0,,,,,,,,False,,,,,,XRP/USDT,Binance US
4,2024-10-28 15:00:00,0.5169,0.5169,0.5143,0.5143,985.0,,,,,,,,False,,,,,,XRP/USDT,Binance US
5,2024-10-28 16:00:00,0.514,0.5163,0.5134,0.515,102329.0,,,,,,,,False,,,,,,XRP/USDT,Binance US
6,2024-10-28 17:00:00,0.5149,0.5157,0.512,0.5134,1723.0,,,,,,,,False,,,,,,XRP/USDT,Binance US
7,2024-10-28 18:00:00,0.5133,0.5152,0.5128,0.5146,6412.0,,,,,,,,False,,,,,,XRP/USDT,Binance US
8,2024-10-28 19:00:00,0.5148,0.5188,0.5148,0.5178,8111.0,,,,,,,,False,,,,,,XRP/USDT,Binance US
9,2024-10-28 20:00:00,0.5174,0.519,0.5169,0.518,481.0,,,,,,,,False,,,,,,XRP/USDT,Binance US
10,2024-10-28 21:00:00,0.5182,0.5192,0.5164,0.5192,9820.0,,,,,,,,False,,,,,,XRP/USDT,Binance US
11,2024-10-28 22:00:00,0.519,0.5212,0.5186,0.5191,21613.0,,,,,,,,False,,,,,,XRP/USDT,Binance US
12,2024-10-28 23:00:00,0.5198,0.5209,0.5188,0.5198,4320.0,,,,,,,,False,,,,,,XRP/USDT,Binance US
13,2024-10-29 00:00:00,0.5189,0.5199,0.5188,0.5199,102.0,,,,85.86956521739162,,,,False,,,,,,XRP/USDT,Binance US
14,2024-10-29 01:00:00,0.5198,0.5209,0.5194,0.5209,6742.0,,,,96.73913043478296,,,,False,,,,,,XRP/USDT,Binance US
15,2024-10-29 02:00:00,0.521,0.5253,0.5209,0.5238,7898.0,,,,88.72180451127858,90.44350005448439,,,False,,,,,,XRP/USDT,Binance US
16,2024-10-29 03:00:00,0.5235,0.5247,0.5234,0.5234,1260.0,,,,85.7142857142856,90.39174022011571,,,False,,,,,,XRP/USDT,Binance US
17,2024-10-29 04:00:00,0.5236,0.5242,0.523,0.5236,2893.0,,,,87.21804511278167,87.21804511278195,,,False,,,,,,XRP/USDT,Binance US
18,2024-10-29 05:00:00,0.5236,0.5236,0.523,0.523,5555.0,,,,82.70676691729344,85.21303258145356,,,False,,,,,,XRP/USDT,Binance US
19,2024-10-29 06:00:00,0.5234,0.524,0.523,0.5234,588.0,0.51929,0.5258144156826494,0.5127655843173506,85.7142857142856,85.21303258145356,0.5171034142251619,9661.05,False,,,,,,XRP/USDT,Binance US
20,2024-10-29 07:00:00,0.5242,0.5277,0.5242,0.5261,2823.0,0.519595,0.5267945540797587,0.5123954459202413,89.26174496644333,85.89426586600746,0.5172028437656304,9696.65,False,,,,,,XRP/USDT,Binance US
21,2024-10-29 08:00:00,0.5249,0.525,0.5239,0.525,162.0,0.519795,0.5273712718230568,0.5122187281769432,79.0697674418609,84.68193270752994,0.5172007193241555,9682.7,False,,,,,,XRP/USDT,Binance US
22,2024-10-29 09:00:00,0.5238,0.5241,0.523,0.5241,1943.0,0.52008,0.5278613812872037,0.5122986187127962,68.14159292035448,78.82436844288624,0.5172282052504702,9437.25,False,,,,,,XRP/USDT,Binance US
23,2024-10-29 10:00:00,0.5241,0.5241,0.5234,0.524,15190.0,0.5204199999999999,0.5282655082690672,0.5125744917309326,67.25663716814219,71.48933251011918,0.5177405105747699,10047.5,False,,,,,,XRP/USDT,Binance US
24,2024-10-29 11:00:00,0.5242,0.5262,0.5242,0.5255,260.0,0.52098,0.5285812741314241,0.5133787258685759,75.82417582417604,70.40746863755759,0.517767512048945,10011.25,False,,,,,,XRP/USDT,Binance US
25,2024-10-29 12:00:00,0.5251,0.5251,0.5234,0.5241,10947.0,0.521435,0.5286063685106676,0.5142636314893324,59.5505617977531,67.54379159669044,0.5210062916310649,5442.15,True,,,,,,XRP/USDT,Binance US
26,2024-10-29 13:00:00,0.5241,0.525,0.5238,0.525,706.0,0.5220149999999999,0.528267671008205,0.5157623289917947,69.66292134831514,68.34588632341476,0.5211539851241817,5391.3,False,,,,,,XRP/USDT,Binance US
27,2024-10-29 14:00:00,0.5258,0.5279,0.5253,0.526,2667.0,0.522585,0.5280160123123456,0.5171539876876543,77.64705882352942,68.9535139898659,0.5216819246548362,5204.05,False,,,,,,XRP/USDT,Binance US
28,2024-10-29 15:00:00,0.5242,0.5259,0.5237,0.5259,153.0,0.52299,0.5281182088798915,0.5178617911201084,71.42857142857143,72.912850533472,0.5220162011173185,4806.15,False,,,,,,XRP/USDT,Binance US
29,2024-10-29 16:00:00,0.5257,0.5296,0.5257,0.5291,6028.0,0.523545,0.5288003631753926,0.5182896368246075,92.42424242424319,80.49995755878135,0.5224551991737976,5083.5,False,,,,,,XRP/USDT,Binance US
30,2024-10-29 17:00:00,0.5288,0.5302,0.5278,0.5287,38310.0,0.5240199999999999,0.5293387256091353,0.5187012743908646,79.16666666666583,81.00649350649348,0.5245388222188077,6508.0,True,,,,,,XRP/USDT,Binance US
31,2024-10-29 18:00:00,0.529,0.53,0.5284,0.5299,2739.0,0.5245599999999999,0.5299677527193553,0.5191522472806446,95.83333333333378,89.14141414141426,0.5257270537174488,5564.3,False,,,,,,XRP/USDT,Binance US
32,2024-10-29 19:00:00,0.5305,0.5306,0.5259,0.527,5246.0,0.52492,0.529938114554713,0.5199018854452871,52.63157894736889,75.87719298245617,0.5260147479770435,5610.6,False,,,,,,XRP/USDT,Binance US
33,2024-10-29 20:00:00,0.527,0.527,0.5219,0.5245,8035.0,0.52515,0.529587400851377,0.520712599148623,29.88505747126387,59.44998991732218,0.5259186366473845,6007.25,False,,,,,,XRP/USDT,Binance US
34,2024-10-29 21:00:00,0.5247,0.527,0.5247,0.527,5516.0,0.525455,0.5294820009736921,0.5214279990263079,58.62068965517281,47.04577535793519,0.5262533220090987,5945.95,False,,,,,,XRP/USDT,Binance US
35,2024-10-29 22:00:00,0.5273,0.5287,0.5269,0.528,1209.0,0.5256649999999999,0.5297659754937103,0.5215640245062896,70.11494252873614,52.873563218390935,0.5264447865989486,5611.5,False,,,,,,XRP/USDT,Binance US
36,2024-10-29 23:00:00,0.5281,0.5285,0.5274,0.5276,2175.0,0.525875,0.5299173416871663,0.5218326583128337,65.51724137931004,64.75095785440632,0.526500900614256,5657.25,False,,,,,,XRP/USDT,Binance US
37,2024-10-30 00:00:00,0.5281,0.5283,0.5249,0.5253,10470.0,0.5259600000000001,0.5298702564191076,0.5220497435808926,39.080459770114786,58.23754789272031,0.526466266297775,6036.1,False,,,,,,XRP/USDT,Binance US
38,2024-10-30 01:00:00,0.5249,0.5253,0.5232,0.525,5080.0,0.52606,0.5297474752452354,0.5223725247547646,35.632183908046166,46.743295019156996,0.5265644515039877,6012.35,False,,,,,,XRP/USDT,Binance US
39,2024-10-30 02:00:00,0.525,0.5258,0.5244,0.5251,3657.0,0.526145,0.5296480663259813,0.5226419336740187,36.78160919540237,37.16475095785444,0.5265361112913166,6165.8,False,,,,,,XRP/USDT,Binance US
40,2024-10-30 03:00:00,0.5251,0.5258,0.5241,0.5241,3955.0,0.5260450000000001,0.5296656861809699,0.5224243138190303,25.28735632183905,32.567049808429196,0.5264685836654668,6222.4,False,,,,,,XRP/USDT,Binance US
41,2024-10-30 04:00:00,0.5253,0.5253,0.5252,0.5252,113.0,0.526055,0.5296646216451404,0.5224453783548597,37.93103448275858,33.333333333333336,0.5264693438050145,6219.95,False,,,,,,XRP/USDT,Binance US
42,2024-10-30 05:00:00,0.5252,0.5252,0.5245,0.5247,784.0,0.5260849999999999,0.5296357004498019,0.5225342995501979,32.18390804597755,31.80076628352506,0.5264954430379747,6162.0,False,,,,,,XRP/USDT,Binance US
43,2024-10-30 06:00:00,0.525,0.5258,0.5249,0.525,711.0,0.526135,0.5295889222555498,0.5226810777444503,35.632183908046166,35.249042145594096,0.5268341905646325,5438.05,False,,,,,,XRP/USDT,Binance US
44,2024-10-30 07:00:00,0.5242,0.5248,0.5233,0.5237,619.0,0.526045,0.5296587019945308,0.5224312980054692,20.689655172414234,29.501915708812646,0.5268195903592375,5456.0,False,,,,,,XRP/USDT,Binance US
45,2024-10-30 08:00:00,0.524,0.5249,0.5221,0.5221,1675.0,0.525945,0.5298815894937265,0.5220084105062734,2.298850574712409,19.540229885057602,0.5270385836471436,4992.4,False,,,,,,XRP/USDT,Binance US
46,2024-10-30 09:00:00,0.5225,0.5252,0.522,0.5245,3698.0,0.5259199999999999,0.5298880831909801,0.5219519168090198,38.23529411764658,20.40793328825774,0.526961294243485,5142.0,False,,,,,,XRP/USDT,Binance US
47,2024-10-30 10:00:00,0.5243,0.5246,0.5232,0.5237,36494.0,0.5258050000000001,0.5298947690064757,0.5217152309935245,25.373134328358997,21.969093006905997,0.5261091946117205,6833.35,True,,,,,,XRP/USDT,Binance US
48,2024-10-30 11:00:00,0.5233,0.5233,0.5209,0.5211,499.0,0.5255650000000001,0.5301630659549782,0.5209669340450219,2.5641025641023085,22.05751033670263,0.5260911847780868,6850.65,False,,,,,,XRP/USDT,Binance US
49,2024-10-30 12:00:00,0.5208,0.5219,0.5199,0.5216,5778.0,0.52519,0.529797499607335,0.5205825003926651,19.767441860464366,15.901559584308558,0.5257688227078962,6838.15,False,,,,,,XRP/USDT,Binance US
50,2024-10-30 13:00:00,0.5218,0.5238,0.5206,0.5238,2623.0,0.524945,0.529279670508939,0.520610329491061,46.42857142857181,22.92003861771283,0.5246067503660612,5053.8,False,,,,,,XRP/USDT,Binance US
51,2024-10-30 14:00:00,0.5233,0.5255,0.5228,0.5242,633.0,0.5246600000000001,0.5283199683633969,0.5210000316366034,72.88135593220268,46.359123073746275,0.5244576578761241,4948.5,False,,,,,,XRP/USDT,Binance US
52,2024-10-30 15:00:00,0.5252,0.5257,0.5208,0.5234,930.0,0.52448,0.5280070981064671,0.5209529018935328,59.32203389830403,59.5439870863595,0.524306362118875,4732.7,False,,,,,,XRP/USDT,Binance US
53,2024-10-30 16:00:00,0.5226,0.5235,0.5221,0.5234,253.0,0.524425,0.5279849379060244,0.5208650620939757,59.32203389830403,63.841807909603574,0.5242858124597108,4343.6,False,,,,,,XRP/USDT,Binance US
54,2024-10-30 17:00:00,0.5233,0.5233,0.5216,0.5225,2032.0,0.5242000000000001,0.5276415418821117,0.5207584581178886,44.06779661016828,54.23728813559211,0.524062756032043,4169.4,False,,,,,,XRP/USDT,Binance US
55,2024-10-30 18:00:00,0.523,0.5236,0.5223,0.5233,675.0,0.523965,0.5269217229370247,0.5210082770629754,57.62711864406693,53.67231638417974,0.5239990899654815,4142.7,False,,,,,,XRP/USDT,Binance US
56,2024-10-30 19:00:00,0.5228,0.5233,0.5223,0.5223,1624.0,0.5237,0.5261996841905817,0.5212003158094184,40.67796610169408,47.457627118643096,0.5238704032659807,4115.15,False,,,,,,XRP/USDT,Binance US
57,2024-10-30 20:00:00,0.5231,0.5249,0.5217,0.5249,4749.0,0.5236799999999999,0.5261317233466345,0.5212282766533654,86.20689655172545,61.50399376582882,0.5237388015460552,3829.1,False,,,,,,XRP/USDT,Binance US
58,2024-10-30 21:00:00,0.5245,0.525,0.5234,0.5238,714.0,0.52362,0.5259931835158731,0.5212468164841269,67.24137931034605,64.70874732125519,0.5236506882131384,3610.8,False,,,,,,XRP/USDT,Binance US
59,2024-10-30 22:00:00,0.5233,0.5247,0.5233,0.5239,1906.0,0.52356,0.5258342494424156,0.5212857505575844,68.96551724138037,74.13793103448394,0.5235822152841837,3523.25,False,,,,,,XRP/USDT,Binance US
60,2024-10-30 23:00:00,0.5238,0.5246,0.5231,0.5231,1085.0,0.52351,0.5257782244389115,0.5212417755610885,55.172413793103914,63.793103448276774,0.5235441793032029,3379.75,False,,,,,,XRP/USDT,Binance US
61,2024-10-31 00:00:00,0.5237,0.5237,0.5219,0.5219,734.0,0.5233450000000001,0.5255753882126123,0.5211146117873878,34.482758620690184,52.87356321839149,0.5235237451624253,3410.8,False,,,,,,XRP/USDT,Binance US
62,2024-10-31 01:00:00,0.5222,0.5228,0.5204,0.5219,4174.0,0.523205,0.5254287710976513,0.5209812289023488,34.482758620690184,41.37931034482809,0.5234162165181688,3580.3,False,,,,,,XRP/USDT,Binance US
63,2024-10-31 02:00:00,0.5214,0.522,0.5203,0.5218,557.0,0.523045,0.5251838388389403,0.5209061611610597,27.777777777779033,32.247765006386466,0.5233878575827129,3572.6,False,,,,,,XRP/USDT,Binance US
64,2024-10-31 03:00:00,0.5226,0.5226,0.5203,0.5216,6074.0,0.52294,0.5251485003247051,0.5207314996752949,24.074074074073657,28.77820349084762,0.5232441429258715,3845.35,False,,,,,,XRP/USDT,Binance US
65,2024-10-31 04:00:00,0.5211,0.5219,0.521,0.521,378.0,0.522885,0.5252320249925814,0.5205379750074187,12.962962962963687,21.60493827160545,0.5232582700700966,3780.5,False,,,,,,XRP/USDT,Binance US
66,2024-10-31 05:00:00,0.5212,0.5215,0.5202,0.5203,1135.0,0.522675,0.5251610664343097,0.5201889335656903,2.0833333333330923,13.04012345679014,0.523149442139992,3652.35,False,,,,,,XRP/USDT,Binance US
67,2024-10-31 06:00:00,0.5207,0.5207,0.5178,0.5185,4072.0,0.522415,0.5254718473611689,0.519358152638831,9.722222222221173,8.256172839505979,0.5221888369230769,2031.25,True,,,,,,XRP/USDT,Binance US
68,2024-10-31 07:00:00,0.5176,0.5187,0.5167,0.5182,1412.0,0.52227,0.5258241525009504,0.5187158474990496,18.07228915662591,9.959281570726722,0.5220663248110164,2076.9,False,,,,,,XRP/USDT,Binance US
69,2024-10-31 08:00:00,0.5179,0.518,0.5158,0.5175,4585.0,0.522065,0.5262063321019884,0.5179236678980116,18.478260869564416,15.424257416137161,0.5216141702813236,2017.25,True,,,,,,XRP/USDT,Binance US
70,2024-10-31 09:00:00,0.5181,0.5199,0.518,0.5192,756.0,0.521835,0.526080257415791,0.5175897425842091,36.95652173913005,24.502357255106787,0.5214177322106138,1923.9,False,,,,,,XRP/USDT,Binance US
71,2024-10-31 10:00:00,0.5189,0.5206,0.5183,0.5206,157.0,0.521655,0.5257816655329776,0.5175283344670224,52.17391304347743,35.86956521739062,0.5213680095784433,1900.1,False,,,,,,XRP/USDT,Binance US
72,2024-10-31 11:00:00,0.5206,0.5206,0.5183,0.5191,427.0,0.52144,0.525631419807179,0.517248580192821,37.07865168539284,42.069695489333434,0.5212917891143763,1874.95,False,,,,,,XRP/USDT,Binance US
73,2024-10-31 12:00:00,0.5187,0.5193,0.5182,0.5186,248.0,0.5212,0.5254678726365858,0.5169321273634142,31.81818181818113,40.356915515683795,0.5212597588947564,1874.7,False,,,,,,XRP/USDT,Binance US
74,2024-10-31 13:00:00,0.5192,0.5194,0.5141,0.5141,2725.0,0.52078,0.5260458182749954,0.5155141817250046,0.0,22.965611167857986,0.5206828475659256,1909.35,False,,,,,,XRP/USDT,Binance US
75,2024-10-31 14:00:00,0.5138,0.5138,0.5087,0.5099,172642.0,0.5201100000000001,0.5271401306418956,0.5130798693581046,8.510638297872191,13.442940038684435,0.5118163070890871,10507.7,True,,,,,,XRP/USDT,Binance US
76,2024-10-31 15:00:00,0.5099,0.512,0.5099,0.5112,2631.0,0.519555,0.5275443284086376,0.5115656715913623,17.985611510791095,8.832083269554424,0.5117279999621143,10558.05,False,,,,,,XRP/USDT,Binance US
77,2024-10-31 16:00:00,0.5105,0.5119,0.5084,0.5111,6227.0,0.518865,0.527282844454679,0.510447155545321,19.01408450704252,15.170111438568597,0.5114154308475868,10631.95,False,,,,,,XRP/USDT,Binance US
78,2024-10-31 17:00:00,0.5105,0.5108,0.5061,0.5084,5866.0,0.518095,0.5273843770682323,0.5088056229317677,14.556962025316226,17.18555268104994,0.5112936117654082,10889.55,False,,,,,,XRP/USDT,Binance US
79,2024-10-31 18:00:00,0.5073,0.5073,0.5037,0.5072,46185.0,0.5172599999999999,0.5273224157400858,0.5071975842599141,19.662921348314395,17.744655960224375,0.5104805036822224,13103.5,True,,,,,,XRP/USDT,Binance US
80,2024-10-31 19:00:00,0.5066,0.5084,0.5064,0.507,9461.0,0.516455,0.527108879945576,0.505801120054424,19.411764705882156,17.877216026504254,0.5103081173321108,13522.3,False,,,,,,XRP/USDT,Binance US
81,2024-10-31 20:00:00,0.506,0.5088,0.506,0.5084,1038.0,0.51578,0.5266889244006436,0.5048710755993564,27.81065088757367,22.2951123139234,0.5102693765466297,13537.5,False,,,,,,XRP/USDT,Binance US
82,2024-10-31 21:00:00,0.5084,0.5103,0.5081,0.5103,901.0,0.5152,0.5259715023630831,0.5044284976369169,39.05325443786966,28.75855667710849,0.510087982891987,13373.85,False,,,,,,XRP/USDT,Binance US
83,2024-10-31 22:00:00,0.51,0.5108,0.5085,0.5108,1939.0,0.5146499999999999,0.5251217162922451,0.5041782837077547,42.011834319526805,36.29191321499004,0.5100688539345903,13442.95,False,,,,,,XRP/USDT,Binance US
84,2024-10-31 23:00:00,0.5111,0.5111,0.5096,0.5096,1363.0,0.51405,0.5242156801362028,0.5038843198637972,34.91124260355057,38.658777120315676,0.5098012795856869,13207.4,False,,,,,,XRP/USDT,Binance US
85,2024-11-01 00:00:00,0.5096,0.5119,0.5096,0.5117,1017.0,0.513585,0.5232506254732677,0.5039193745267322,47.33727810650915,41.420118343195504,0.509792585361064,13239.35,False,,,,,,XRP/USDT,Binance US
86,2024-11-01 01:00:00,0.5112,0.5121,0.5074,0.5084,7004.0,0.51299,0.5223761936683063,0.5036038063316935,29.93630573248373,37.394942147514485,0.5097124852210925,13532.8,False,,,,,,XRP/USDT,Binance US
87,2024-11-01 02:00:00,0.5092,0.5111,0.5025,0.5104,10687.0,0.512585,0.5216641316533551,0.5035058683466448,46.74556213017755,41.3397153230568,0.5096099310782592,13863.55,False,,,,,,XRP/USDT,Binance US
88,2024-11-01 03:00:00,0.5103,0.5189,0.5103,0.5189,16236.0,0.51262,0.5217951609766465,0.5034448390233535,100.0,58.89395595422042,0.5100847915917767,14604.75,False,,,,,,XRP/USDT,Binance US
89,2024-11-01 04:00:00,0.5191,0.5211,0.5155,0.5169,17437.0,0.51259,0.5217016813400225,0.5034783186599775,77.41935483870985,74.72163898962913,0.5103629975044844,15247.35,False,,,,,,XRP/USDT,Binance US
90,2024-11-01 05:00:00,0.5162,0.5169,0.5136,0.5141,4686.0,0.512335,0.5209391055071957,0.5037308944928043,62.36559139784955,79.92831541218645,0.5103980626592464,15443.85,False,,,,,,XRP/USDT,Binance US
91,2024-11-01 06:00:00,0.5148,0.5151,0.5134,0.5134,2470.0,0.511975,0.5196784168768771,0.5042715831231228,58.60215053763432,66.12903225806457,0.5104167428259263,15559.5,False,,,,,,XRP/USDT,Binance US
92,2024-11-01 07:00:00,0.5138,0.5143,0.5098,0.5123,3269.0,0.511635,0.5185769472469153,0.5046930527530846,52.68817204301075,57.885304659498196,0.5104245401742498,15701.6,False,,,,,,XRP/USDT,Binance US
93,2024-11-01 08:00:00,0.5122,0.5193,0.5114,0.5193,11786.0,0.51167,0.5187651725619761,0.5045748274380238,90.3225806451612,67.20430107526875,0.510739614215069,16278.5,False,,,,,,XRP/USDT,Binance US
94,2024-11-01 09:00:00,0.5181,0.524,0.5175,0.5205,24291.0,0.51199,0.5200573219974496,0.5039226780025503,83.72093023255792,75.57722764024328,0.5113962228060472,17356.8,False,,,,,,XRP/USDT,Binance US
95,2024-11-01 10:00:00,0.5193,0.5203,0.5188,0.5191,2795.0,0.51245,0.5210473067998376,0.5038526932001623,77.20930232558139,83.75093773443349,0.5129746791961148,8864.45,False,,,,,,XRP/USDT,Binance US
96,2024-11-01 11:00:00,0.5185,0.5192,0.5178,0.5192,923.0,0.51285,0.5219331248970135,0.5037668751029866,77.67441860465112,79.53488372093013,0.5130339974142989,8779.05,False,,,,,,XRP/USDT,Binance US
97,2024-11-01 12:00:00,0.5182,0.5194,0.5178,0.5188,630.0,0.513235,0.5226524027037299,0.5038175972962701,75.81395348837225,76.89922480620157,0.5131262154085091,8499.2,False,,,,,,XRP/USDT,Binance US
98,2024-11-01 13:00:00,0.519,0.5202,0.517,0.5193,2168.0,0.51378,0.5232804930619975,0.5042795069380025,78.13953488372083,77.20930232558139,0.5133734325198754,8314.3,False,,,,,,XRP/USDT,Binance US
99,2024-11-01 14:00:00,0.5193,0.5201,0.5181,0.5192,1877.0,0.5143800000000001,0.5236435334852092,0.5051164665147909,77.67441860465112,77.20930232558139,0.5158005623964979,6098.9,False,,,,,,XRP/USDT,Binance US
100,2024-11-01 15:00:00,0.5192,0.523,0.5125,0.5165,16115.0,0.514855,0.5234772417404983,0.5062327582595016,65.11627906976727,73.64341085271306,0.5165354771751975,6431.6,True,,,,,,XRP/USDT,Binance US
101,2024-11-01 16:00:00,0.516,0.5219,0.516,0.5209,5263.0,0.5154799999999999,0.5239428227218267,0.5070171772781732,78.16901408450708,73.65323725297515,0.5167719352386402,6642.85,False,,,,,,XRP/USDT,Binance US
102,2024-11-01 17:00:00,0.5198,0.5203,0.5155,0.5168,1945.0,0.5158050000000001,0.5239224211616624,0.5076875788383377,49.295774647887406,64.19368926738724,0.5168158915915492,6695.05,False,,,,,,XRP/USDT,Binance US
103,2024-11-01 18:00:00,0.5165,0.5166,0.5137,0.5137,6807.0,0.51595,0.5237898442519449,0.5081101557480552,27.464788732394485,51.643192488262976,0.5167471077834388,6938.45,False,,,,,,XRP/USDT,Binance US
104,2024-11-01 19:00:00,0.5135,0.5163,0.5127,0.5163,2593.0,0.516285,0.5235325839894566,0.5090374160105434,45.774647887323624,40.845070422535166,0.5168084093457811,6999.95,False,,,,,,XRP/USDT,Binance US
105,2024-11-01 20:00:00,0.5163,0.5165,0.5155,0.5155,682.0,0.516475,0.5234089363772845,0.5095410636227156,40.140845070422046,37.79342723004671,0.5168392184098981,6983.2,False,,,,,,XRP/USDT,Binance US
106,2024-11-01 21:00:00,0.5149,0.5149,0.5082,0.5114,15268.0,0.516625,0.5229241645227148,0.5103258354772852,20.253164556961856,35.3895525049025,0.5166773984641178,7396.4,True,,,,,,XRP/USDT,Binance US
107,2024-11-01 22:00:00,0.5115,0.5123,0.5101,0.5113,1995.0,0.51667,0.5227922974703789,0.510547702529621,19.620253164556864,26.671420930646914,0.5170821691229281,6961.8,False,,,,,,XRP/USDT,Binance US
108,2024-11-01 23:00:00,0.5114,0.5135,0.5113,0.5135,297.0,0.5164,0.5225841903695094,0.5102158096304905,35.81081081081054,25.228076177443075,0.5168341646593186,6164.85,False,,,,,,XRP/USDT,Binance US
109,2024-11-02 00:00:00,0.5132,0.5152,0.5132,0.515,695.0,0.516305,0.5225151699273315,0.5100948300726685,45.94594594594603,33.7923366404378,0.516811427901084,5327.75,False,,,,,,XRP/USDT,Binance US
110,2024-11-02 01:00:00,0.5153,0.5159,0.5141,0.5143,638.0,0.516315,0.5225108475058546,0.5101191524941453,41.216216216216075,40.99099099099087,0.5169197469441112,5125.35,False,,,,,,XRP/USDT,Binance US
111,2024-11-02 02:00:00,0.5155,0.5157,0.5151,0.5155,65.0,0.51642,0.5224774790657167,0.5103625209342832,49.324324324324024,45.49549549549536,0.5170056742123036,5005.1,False,,,,,,XRP/USDT,Binance US
112,2024-11-02 03:00:00,0.5149,0.5155,0.5149,0.515,45.0,0.516555,0.5223400897277322,0.5107699102722678,45.94594594594603,45.49549549549537,0.517163528355251,4843.9,False,,,,,,XRP/USDT,Binance US
113,2024-11-02 04:00:00,0.5148,0.5151,0.5135,0.5135,189.0,0.516265,0.5220522000320139,0.510477799967986,35.81081081081054,43.69369369369352,0.5168601446981158,4264.05,False,,,,,,XRP/USDT,Binance US
114,2024-11-02 05:00:00,0.5125,0.5139,0.5118,0.5139,223.0,0.515935,0.5214517782360067,0.5104182217639933,41.60583941605854,41.120865390938356,0.515404966265336,3060.65,False,,,,,,XRP/USDT,Binance US
115,2024-11-02 06:00:00,0.5137,0.5137,0.5124,0.5132,44.0,0.5156400000000001,0.521074548351932,0.5102054516480682,41.322314049586815,39.57965475881862,0.5152266515001199,2923.1,False,,,,,,XRP/USDT,Binance US
116,2024-11-02 07:00:00,0.5127,0.5131,0.5123,0.5126,38.0,0.5153099999999999,0.5206347782261709,0.509985221773829,52.38095238095213,45.10303528219915,0.5151612223630966,2878.85,False,,,,,,XRP/USDT,Binance US
117,2024-11-02 08:00:00,0.513,0.513,0.5113,0.5116,98.0,0.51495,0.5202548140996256,0.5096451859003744,40.96385542168771,44.88904061740888,0.5151149180471559,2852.25,False,,,,,,XRP/USDT,Binance US
118,2024-11-02 09:00:00,0.5125,0.5128,0.5124,0.5126,731.0,0.5146149999999999,0.5195997240329044,0.5096302759670954,53.01204819277076,48.78561866513686,0.5149186933534746,2780.4,False,,,,,,XRP/USDT,Binance US
119,2024-11-02 10:00:00,0.5118,0.5118,0.5107,0.5114,112.0,0.5142249999999999,0.5189108690145003,0.5095391309854995,41.55844155844109,45.178115057633185,0.5147621250673257,2692.15,False,,,,,,XRP/USDT,Binance US
120,2024-11-02 11:00:00,0.5118,0.5123,0.5116,0.5121,263.0,0.514005,0.5186541538562354,0.5093558461437647,34.48275862068952,43.01774945730045,0.51400652522966,1899.55,False,,,,,,XRP/USDT,Binance US
121,2024-11-02 12:00:00,0.5117,0.5128,0.5094,0.5094,1147.0,0.5134299999999999,0.5172612290181442,0.5095987709818557,0.0,25.347066726376863,0.5127795424354248,1693.75,False,,,,,,XRP/USDT,Binance US
122,2024-11-02 13:00:00,0.51,0.5112,0.5087,0.5091,17243.0,0.513045,0.5169960025376638,0.5090939974623362,5.555555555554956,13.346104725414817,0.511330248306998,2458.65,True,,,,,,XRP/USDT,Binance US
123,2024-11-02 14:00:00,0.5093,0.51,0.5087,0.5099,1715.0,0.512855,0.5170323701119991,0.5086776298880008,16.666666666666412,7.4074074074071135,0.5109086658651123,2204.05,False,,,,,,XRP/USDT,Binance US
124,2024-11-02 15:00:00,0.51,0.5103,0.5069,0.5097,2579.0,0.512525,0.5165979531507754,0.5084520468492246,31.81818181818199,18.013468013467776,0.5105206912201878,2203.35,False,,,,,,XRP/USDT,Binance US
125,2024-11-02 16:00:00,0.5096,0.5112,0.5096,0.5106,1024.0,0.51228,0.5161855156678173,0.5083744843321826,43.02325581395421,30.50270143293419,0.5104460514760525,2220.45,False,,,,,,XRP/USDT,Binance US
126,2024-11-02 17:00:00,0.511,0.5113,0.5099,0.5108,49.0,0.5122500000000001,0.5161930151433949,0.5083069848566053,47.56097560975636,40.80080441396418,0.5099476772867425,1459.5,False,,,,,,XRP/USDT,Binance US
127,2024-11-02 18:00:00,0.5105,0.5105,0.508,0.5099,1172.0,0.5121800000000001,0.5162419414595782,0.5081180585404219,42.857142857142854,44.480458093617806,0.5098506010505169,1418.35,False,,,,,,XRP/USDT,Binance US
128,2024-11-02 19:00:00,0.5091,0.5101,0.509,0.5099,20893.0,0.512,0.5161340689781105,0.5078659310218895,44.11764705882339,44.84525517524086,0.509849543532872,2448.15,True,,,,,,XRP/USDT,Binance US
129,2024-11-02 20:00:00,0.5096,0.5101,0.5089,0.5091,1203.0,0.511705,0.5157792968395573,0.5076307031604427,35.4838709677417,40.81955362790264,0.5097589597946275,2473.55,False,,,,,,XRP/USDT,Binance US
130,2024-11-02 21:00:00,0.5086,0.5086,0.5085,0.5085,129.0,0.5114150000000001,0.5155369693811248,0.5072930306188753,26.229508196720268,35.27700874109511,0.5096964707324051,2448.1,False,,,,,,XRP/USDT,Binance US
131,2024-11-02 22:00:00,0.5089,0.5105,0.5087,0.5098,1399.0,0.51113,0.5148292744665579,0.507430725533442,49.152542372881456,36.95530717911446,0.5096918502465408,2514.8,False,,,,,,XRP/USDT,Binance US
132,2024-11-02 23:00:00,0.5088,0.5096,0.5088,0.5095,1127.0,0.5108550000000001,0.5141371526953766,0.5075728473046235,44.06779661016828,39.81661572658999,0.5096829927206201,2568.9,False,,,,,,XRP/USDT,Binance US
133,2024-11-03 00:00:00,0.5106,0.5107,0.51,0.5104,2383.0,0.5107,0.5137400831013536,0.5076599168986465,59.32203389830403,50.84745762711791,0.5097014205181815,2678.6,False,,,,,,XRP/USDT,Binance US
134,2024-11-03 01:00:00,0.5096,0.5099,0.5071,0.5071,373.0,0.51036,0.5134141774670073,0.5073058225329927,3.3898305084741933,35.59322033898216,0.5096659301589669,2686.1,False,,,,,,XRP/USDT,Binance US
135,2024-11-03 02:00:00,0.507,0.5082,0.4984,0.5009,74158.0,0.5097449999999999,0.5147327639753354,0.5047572360246644,19.379844961240376,27.363903122672856,0.5045795746112207,6391.8,True,,,,,,XRP/USDT,Binance US
136,2024-11-03 03:00:00,0.5013,0.5029,0.4998,0.5019,10734.0,0.50921,0.5151187446346802,0.5033012553653199,27.131782945736525,16.633819471817024,0.5043697506713252,6926.6,False,,,,,,XRP/USDT,Binance US
137,2024-11-03 04:00:00,0.502,0.5052,0.502,0.5049,10873.0,0.508875,0.5149699936315294,0.5027800063684705,50.38759689922499,32.299741602067286,0.5044036193882404,7465.35,False,,,,,,XRP/USDT,Binance US
138,2024-11-03 05:00:00,0.5045,0.5055,0.5039,0.5044,97417.0,0.508465,0.5146079548864372,0.5023220451135627,46.51162790697647,41.34366925064598,0.5043778294504315,12299.65,True,,,,,,XRP/USDT,Binance US
139,2024-11-03 06:00:00,0.5045,0.5059,0.5035,0.5059,21858.0,0.50819,0.5142718625955819,0.5021081374044182,58.13953488372113,51.67958656330753,0.5044991607498348,13386.95,False,,,,,,XRP/USDT,Binance US
140,2024-11-03 07:00:00,0.5053,0.5068,0.5053,0.5057,882.0,0.5078699999999999,0.5137559690433184,0.5019840309566814,59.34959349593504,54.66691876221088,0.5044956584115249,13417.9,False,,,,,,XRP/USDT,Binance US
141,2024-11-03 08:00:00,0.5054,0.5059,0.5041,0.5041,679.0,0.5076050000000001,0.5136752813599889,0.5015347186400113,46.341463414633886,54.61019726476334,0.5044736570980627,13394.5,False,,,,,,XRP/USDT,Binance US
142,2024-11-03 09:00:00,0.5047,0.5051,0.5016,0.5021,1146.0,0.507255,0.5137543845862474,0.5007556154137526,30.081300813007893,45.257452574525594,0.5041460378167781,12589.65,False,,,,,,XRP/USDT,Binance US
143,2024-11-03 10:00:00,0.5021,0.5039,0.502,0.5035,252.0,0.506935,0.5135157614341033,0.5003542385658968,41.46341463414572,39.29539295392916,0.5041059673231335,12516.5,False,,,,,,XRP/USDT,Binance US
144,2024-11-03 11:00:00,0.5033,0.5038,0.5019,0.5024,87.0,0.50657,0.5133128246462794,0.4998271753537206,32.520325203251524,34.68834688346837,0.5040471570138558,12391.9,False,,,,,,XRP/USDT,Binance US
145,2024-11-03 12:00:00,0.5031,0.5032,0.5011,0.5013,57.0,0.506105,0.5129594184750803,0.4992505815249198,23.57723577235732,32.52032520325151,0.5040193420855427,12343.55,False,,,,,,XRP/USDT,Binance US
146,2024-11-03 13:00:00,0.5017,0.5018,0.4948,0.4958,16789.0,0.505355,0.5132499617511782,0.49746003824882173,6.289308176100625,20.795623050569812,0.5034946037911924,13180.55,False,,,,,,XRP/USDT,Binance US
147,2024-11-03 14:00:00,0.4947,0.4979,0.4933,0.4971,4713.0,0.504715,0.5131175747933491,0.4963124252066509,22.891566265060057,17.586036737839326,0.5033536919057315,13357.6,False,,,,,,XRP/USDT,Binance US
148,2024-11-03 15:00:00,0.4965,0.4969,0.4923,0.4969,38860.0,0.504065,0.5127840716550698,0.4953459283449302,28.930817610062903,19.370564017074518,0.5019943911138859,14255.95,True,,,,,,XRP/USDT,Binance US
149,2024-11-03 16:00:00,0.4964,0.4988,0.4963,0.4978,8556.0,0.5035000000000001,0.512309325202661,0.49469067479733914,37.93103448275862,29.917806119293846,0.501842461158675,14623.6,False,,,,,,XRP/USDT,Binance US
150,2024-11-03 17:00:00,0.4982,0.5005,0.4982,0.5,14430.0,0.503075,0.51168658949812,0.4944634105018802,53.10344827586192,39.9884334562278,0.5017529958633908,15338.65,False,,,,,,XRP/USDT,Binance US
151,2024-11-03 18:00:00,0.5,0.5,0.4937,0.4937,27752.0,0.50227,0.5112373325259795,0.49330266747402046,9.65517241379318,33.56321839080456,0.5010483240575637,16656.3,False,,,,,,XRP/USDT,Binance US
152,2024-11-03 19:00:00,0.4953,0.5005,0.4953,0.5003,2310.0,0.5018100000000001,0.5101367229922331,0.49348327700776706,55.17241379310307,39.31034482758605,0.5010146615855392,16715.45,False,,,,,,XRP/USDT,Binance US
153,2024-11-03 20:00:00,0.5006,0.5035,0.5002,0.5035,1636.0,0.5014649999999999,0.5088066691060728,0.4941233308939272,77.2413793103443,47.356321839080174,0.5009598014761873,16678.1,False,,,,,,XRP/USDT,Binance US
154,2024-11-03 21:00:00,0.5038,0.5046,0.5027,0.5031,41766.0,0.501265,0.5081649694888652,0.4943650305111346,79.41176470588218,70.60851926977651,0.501192088650638,18747.75,True,,,,,,XRP/USDT,Binance US
155,2024-11-03 22:00:00,0.5029,0.5041,0.5024,0.5024,261.0,0.50134,0.5082558551627029,0.4944241448372972,78.90624999999969,78.5197980054087,0.5012650844687735,15052.9,False,,,,,,XRP/USDT,Binance US
156,2024-11-03 23:00:00,0.5026,0.5035,0.5021,0.5035,37.0,0.50142,0.5083998506996481,0.49444014930035185,91.0569105691049,83.12497509166225,0.5012418978444075,14518.05,False,,,,,,XRP/USDT,Binance US
157,2024-11-04 00:00:00,0.5023,0.5029,0.5012,0.5027,935.0,0.50131,0.5081263580335843,0.4944936419664157,84.55284552845522,84.8386686991866,0.5011049218502049,14021.15,False,,,,,,XRP/USDT,Binance US
158,2024-11-04 01:00:00,0.5039,0.5072,0.5031,0.5068,3337.0,0.50143,0.5085530094172197,0.4943069905827804,97.31543624161102,90.97506411305704,0.49948429670017125,9317.15,False,,,,,,XRP/USDT,Binance US
159,2024-11-04 02:00:00,0.5066,0.5073,0.5057,0.507,225.0,0.501485,0.5087685141894057,0.49420148581059425,98.00000000000021,93.28942725668882,0.4986431613138244,8235.5,False,,,,,,XRP/USDT,Binance US
160,2024-11-04 03:00:00,0.5073,0.5077,0.5065,0.5074,3325.0,0.50157,0.5090962627896489,0.49404373721035105,98.05194805194755,97.78912809785292,0.49878011582203147,8357.65,False,,,,,,XRP/USDT,Binance US
161,2024-11-04 04:00:00,0.5071,0.5082,0.5064,0.5064,765.0,0.5016849999999999,0.5094408195467669,0.493929180453233,88.67924528301869,94.91039777832214,0.49879337235931825,8361.95,False,,,,,,XRP/USDT,Binance US
162,2024-11-04 05:00:00,0.5062,0.5063,0.5038,0.5046,1419.0,0.5018100000000001,0.5096738145290488,0.4939461854709514,75.17241379310381,87.30120237602334,0.49881993887005116,8375.6,False,,,,,,XRP/USDT,Binance US
163,2024-11-04 06:00:00,0.5051,0.5059,0.5042,0.5042,75.0,0.501845,0.5097466254157252,0.49394337458427473,72.41379310344817,78.75515072652355,0.4988153022380256,8366.75,False,,,,,,XRP/USDT,Binance US
164,2024-11-04 07:00:00,0.5069,0.5074,0.5044,0.5059,350.0,0.50202,0.5101257744199601,0.49391422558003995,84.13793103448293,77.24137931034495,0.4988282366138022,8379.9,False,,,,,,XRP/USDT,Binance US
165,2024-11-04 08:00:00,0.5055,0.5063,0.5052,0.5057,577.0,0.50224,0.5105008525111177,0.49397914748888233,80.62015503876006,79.05729305889703,0.49885098323796395,8405.9,False,,,,,,XRP/USDT,Binance US
166,2024-11-04 09:00:00,0.5072,0.5101,0.5071,0.5101,2540.0,0.502955,0.5113433314945869,0.49456666850541314,100.0,88.25269535774765,0.4993695767178574,7693.45,False,,,,,,XRP/USDT,Binance US
167,2024-11-04 10:00:00,0.5102,0.5133,0.5102,0.5125,2754.0,0.503725,0.5126598224734186,0.49479017752658133,93.38842975206593,91.33619493027531,0.499678033704167,7595.5,False,,,,,,XRP/USDT,Binance US
168,2024-11-04 11:00:00,0.5125,0.514,0.5124,0.5128,2935.0,0.5045200000000001,0.5137233403546836,0.49531665964531657,90.62500000000018,94.6711432506887,0.5009408466612064,5799.25,False,,,,,,XRP/USDT,Binance US
169,2024-11-04 12:00:00,0.5113,0.512,0.511,0.511,80.0,0.50518,0.5142464447857235,0.4961135552142764,76.56250000000004,86.85864325068871,0.5011982931661537,5375.45,False,,,,,,XRP/USDT,Binance US
170,2024-11-04 13:00:00,0.5112,0.5122,0.5109,0.5109,108.0,0.505725,0.514790812008219,0.496659187991781,75.78125000000013,80.98958333333344,0.5013950926631399,4659.35,False,,,,,,XRP/USDT,Binance US
171,2024-11-04 14:00:00,0.5098,0.5112,0.5088,0.5099,865.0,0.5065350000000001,0.5137912930945242,0.4992787069054759,62.385321100917565,71.57635703363924,0.5047270829562597,3315.0,False,,,,,,XRP/USDT,Binance US
172,2024-11-04 15:00:00,0.5098,0.5111,0.5092,0.5111,1314.0,0.5070749999999999,0.5139763728611327,0.5001736271388671,71.56862745098023,69.91173285063263,0.5050119135121894,3265.2,False,,,,,,XRP/USDT,Binance US
173,2024-11-04 16:00:00,0.5101,0.5132,0.5088,0.5088,1676.0,0.50734,0.5140682280454472,0.5006117719545529,49.019607843137365,60.99118546501171,0.5051469270323214,3267.2,False,,,,,,XRP/USDT,Binance US
174,2024-11-04 17:00:00,0.5093,0.5103,0.5071,0.5103,1199.0,0.5077,0.5142408835714071,0.501159116428593,63.72549019607803,61.437908496731865,0.5088467490010903,1238.85,False,,,,,,XRP/USDT,Binance US
175,2024-11-04 18:00:00,0.51,0.5101,0.5083,0.509,5667.0,0.50803,0.5140935581008244,0.5019664418991756,50.98039215686264,54.575163398692666,0.5089312692575296,1509.15,True,,,,,,XRP/USDT,Binance US
176,2024-11-04 19:00:00,0.5087,0.5105,0.5068,0.5073,24470.0,0.50822,0.5139126915288003,0.5025273084711998,31.632653061224303,48.77951180472164,0.508204079390655,2730.8,True,,,,,,XRP/USDT,Binance US
177,2024-11-04 20:00:00,0.5069,0.5077,0.5045,0.505,1133.0,0.508335,0.5136377401059781,0.5030322598940219,6.250000000000433,29.621015072695783,0.5082317382420551,2740.7,False,,,,,,XRP/USDT,Binance US
178,2024-11-04 21:00:00,0.5054,0.5061,0.4967,0.4971,8324.0,0.50785,0.5151442659527494,0.5005557340472506,2.312138728323761,13.39826392984949,0.5067621494623837,2990.05,True,,,,,,XRP/USDT,Binance US
179,2024-11-04 22:00:00,0.4973,0.5038,0.4973,0.5035,1444.0,0.507675,0.5152188019173614,0.5001311980826386,39.30635838150265,15.956165703275603,0.5066840757128813,3051.0,False,,,,,,XRP/USDT,Binance US
180,2024-11-04 23:00:00,0.5031,0.5032,0.5014,0.5031,740.0,0.50746,0.5152769586224584,0.4996430413775417,36.99421965317921,26.20423892100186,0.5065979515701208,2921.75,False,,,,,,XRP/USDT,Binance US
181,2024-11-05 00:00:00,0.5026,0.5053,0.5026,0.5043,3498.0,0.507355,0.5152874715734203,0.49942252842657975,43.93063583815017,40.077071290944,0.5064690148443634,3058.4,False,,,,,,XRP/USDT,Binance US
182,2024-11-05 01:00:00,0.5043,0.5053,0.5024,0.5053,4870.0,0.50739,0.515277338287605,0.49950266171239494,52.121212121212054,44.34868920418047,0.506421954843003,3230.95,False,,,,,,XRP/USDT,Binance US
183,2024-11-05 02:00:00,0.5048,0.5052,0.5034,0.5039,290.0,0.507375,0.515288978306234,0.49946102169376605,43.63636363636384,46.56273719857534,0.506413244593886,3241.7,False,,,,,,XRP/USDT,Binance US
184,2024-11-05 03:00:00,0.5047,0.5051,0.5046,0.5046,1509.0,0.50731,0.515296014090433,0.49932398590956706,47.87878787878828,47.878787878788046,0.506374504871729,3299.65,False,,,,,,XRP/USDT,Binance US
185,2024-11-05 04:00:00,0.5057,0.5076,0.5047,0.5068,1741.0,0.507365,0.5153194161848665,0.49941058381513337,61.21212121212148,50.90909090909119,0.506391330762244,3357.85,False,,,,,,XRP/USDT,Binance US
186,2024-11-05 05:00:00,0.5075,0.5083,0.5072,0.5081,1113.0,0.507265,0.5151243625026035,0.49940563749739647,69.09090909090916,59.39393939393963,0.5062769496424769,3286.5,False,,,,,,XRP/USDT,Binance US
187,2024-11-05 06:00:00,0.5087,0.5098,0.5077,0.5098,7474.0,0.50713,0.5146981048173421,0.49956189518265787,94.92753623188462,75.07685551163841,0.5064074393186659,3522.5,True,,,,,,XRP/USDT,Binance US
188,2024-11-05 07:00:00,0.5094,0.5147,0.5094,0.5147,19840.0,0.507225,0.5151328575180815,0.49931714248191855,100.0,88.00614844093126,0.5080760586114134,4367.75,True,,,,,,XRP/USDT,Binance US
189,2024-11-05 08:00:00,0.5147,0.5174,0.5115,0.5119,3509.0,0.50727,0.515277917135065,0.499262082864935,73.4299516908215,89.45249597423536,0.5082212856891084,4539.2,False,,,,,,XRP/USDT,Binance US
190,2024-11-05 09:00:00,0.5121,0.5135,0.5109,0.5109,163.0,0.50727,0.515277917135065,0.499262082864935,68.59903381642536,80.67632850241561,0.5082229075617302,4541.95,False,,,,,,XRP/USDT,Binance US
191,2024-11-05 10:00:00,0.5106,0.5114,0.5106,0.5113,1052.0,0.5073399999999999,0.5154682871892878,0.499211712810712,70.5314009661836,70.85346215781014,0.5082425329026873,4551.3,False,,,,,,XRP/USDT,Binance US
192,2024-11-05 11:00:00,0.5115,0.5116,0.5087,0.5093,646.0,0.5072500000000001,0.5152417062271467,0.4992582937728534,59.70149253731335,66.27730910664076,0.5082085393656346,4517.9,False,,,,,,XRP/USDT,Binance US
193,2024-11-05 12:00:00,0.5093,0.5095,0.5076,0.5078,2104.0,0.5072,0.5151633370418479,0.49923666295815206,40.00000000000042,56.744297834499115,0.5081881523582933,4539.3,False,,,,,,XRP/USDT,Binance US
194,2024-11-05 13:00:00,0.5076,0.5078,0.506,0.5066,1465.0,0.507015,0.5148459171338902,0.4991840828661098,28.00000000000059,42.56716417910477,0.5081347900101042,4552.6,False,,,,,,XRP/USDT,Binance US
195,2024-11-05 14:00:00,0.5073,0.5139,0.5068,0.5123,52222.0,0.5071800000000001,0.5153199857752342,0.49904001422476596,66.00000000000007,44.66666666666702,0.5096798600361901,6880.35,True,,,,,,XRP/USDT,Binance US
196,2024-11-05 15:00:00,0.5123,0.5126,0.5083,0.5093,5174.0,0.50728,0.5154751461886041,0.4990848538113958,42.142857142857224,45.380952380952614,0.5101554690603579,5915.55,False,,,,,,XRP/USDT,Binance US
197,2024-11-05 16:00:00,0.5095,0.5134,0.5095,0.5134,5131.0,0.5077,0.5162561919714671,0.499143808028533,68.74999999999977,58.96428571428569,0.5103393380699704,6115.45,False,,,,,,XRP/USDT,Binance US
198,2024-11-05 17:00:00,0.5134,0.514,0.5125,0.5129,19694.0,0.50849,0.5157438628547665,0.5012361371452335,64.56692913385848,58.48659542557183,0.5115409772664368,6683.95,True,,,,,,XRP/USDT,Binance US
199,2024-11-05 18:00:00,0.5131,0.514,0.5122,0.514,5399.0,0.509015,0.5162681009702186,0.5017618990297814,70.1754385964915,67.83078924344991,0.511721800572533,6881.7,False,,,,,,XRP/USDT,Binance US
200,2024-11-05 19:00:00,0.5135,0.5137,0.5074,0.5074,9456.0,0.50923,0.5159824966143118,0.5024775033856881,12.280701754385623,49.0076898282452,0.5114861544243253,7317.5,False,,,,,,XRP/USDT,Binance US
201,2024-11-05 20:00:00,0.5077,0.5133,0.5071,0.5133,2409.0,0.50968,0.5162461332047971,0.503113866795203,64.0350877192982,48.830409356725106,0.5116892834277612,7263.05,False,,,,,,XRP/USDT,Binance US
202,2024-11-05 21:00:00,0.5133,0.5142,0.5111,0.5111,1249.0,0.5099699999999999,0.5162266511977661,0.5037133488022337,44.736842105263236,40.350877192982345,0.5119037694154195,7082.0,False,,,,,,XRP/USDT,Binance US
203,2024-11-05 22:00:00,0.5119,0.513,0.5099,0.513,465.0,0.5104249999999999,0.5161214901474491,0.5047285098525507,85.36585365853682,64.71259449436609,0.5119237309170399,7090.75,False,,,,,,XRP/USDT,Binance US
204,2024-11-05 23:00:00,0.5138,0.5143,0.5124,0.5134,1798.0,0.510865,0.5159986967289909,0.5057313032710091,89.15662650602391,73.08644075660798,0.5120201802904916,7105.2,False,,,,,,XRP/USDT,Binance US
205,2024-11-06 00:00:00,0.5142,0.5206,0.5136,0.5189,52987.0,0.51147,0.5173798846724872,0.5055601153275128,88.35616438356212,87.62621484937426,0.5139525792604086,9667.5,True,,,,,,XRP/USDT,Binance US
206,2024-11-06 01:00:00,0.5208,0.5216,0.5188,0.5203,6829.0,0.51208,0.5189635731235578,0.5051964268764422,91.66666666666684,89.72648585208428,0.5142030512493344,9953.3,False,,,,,,XRP/USDT,Binance US
207,2024-11-06 02:00:00,0.5201,0.5295,0.5201,0.5295,17091.0,0.513065,0.5233649795605319,0.5027650204394681,100.0,93.34094368340965,0.5156135569260554,10434.15,False,,,,,,XRP/USDT,Binance US
208,2024-11-06 03:00:00,0.5295,0.5359,0.5282,0.5322,48946.0,0.51394,0.5273335412557111,0.5005464587442888,87.28522336769747,92.9839633447881,0.5191038992552222,11889.45,True,,,,,,XRP/USDT,Binance US
209,2024-11-06 04:00:00,0.5322,0.5371,0.5317,0.5332,30034.0,0.515005,0.5308741325667498,0.49913586743325034,86.99999999999997,91.42840778923248,0.5208012772687032,13215.7,True,,,,,,XRP/USDT,Binance US
210,2024-11-06 05:00:00,0.5359,0.5359,0.5297,0.5337,94022.0,0.516145,0.5339323373055409,0.4983576626944591,88.66666666666644,87.65063001145462,0.524191755101585,17908.65,True,,,,,,XRP/USDT,Binance US
211,2024-11-06 06:00:00,0.5331,0.5422,0.5329,0.5362,38246.0,0.51739,0.5371281703412727,0.4976518296587273,82.9059829059829,86.1908831908831,0.5253876805600872,19768.35,False,,,,,,XRP/USDT,Binance US
212,2024-11-06 07:00:00,0.5357,0.5423,0.532,0.5359,24219.0,0.51872,0.5397080768156853,0.4977319231843146,81.81818181818194,84.46361046361044,0.5260202067121784,20947.0,False,,,,,,XRP/USDT,Binance US
213,2024-11-06 08:00:00,0.5368,0.5368,0.5274,0.531,33966.0,0.5198799999999999,0.5408913352866109,0.49886866471338887,67.89772727272735,77.54063066563073,0.5264804508409457,22540.1,False,,,,,,XRP/USDT,Binance US
214,2024-11-06 09:00:00,0.5325,0.5349,0.532,0.5339,2426.0,0.521245,0.5421706805209111,0.5003193194790888,76.13636363636374,75.284090909091,0.5265847636924671,22588.15,False,,,,,,XRP/USDT,Binance US
215,2024-11-06 10:00:00,0.5333,0.5343,0.5315,0.5335,405.0,0.522305,0.5434692673042657,0.5011407326957343,72.83950617283939,72.29119902731016,0.5284569654403345,19997.3,False,,,,,,XRP/USDT,Binance US
216,2024-11-06 11:00:00,0.5336,0.5357,0.5335,0.5348,5666.0,0.52358,0.5445166563459277,0.5026433436540724,76.85185185185199,75.2759072203517,0.5287942405565905,20021.9,False,,,,,,XRP/USDT,Binance US
217,2024-11-06 12:00:00,0.5349,0.5353,0.5327,0.5327,3504.0,0.524545,0.5452842305597542,0.5038057694402459,67.89297658862863,72.52811153777333,0.52902661536417,19940.55,False,,,,,,XRP/USDT,Binance US
218,2024-11-06 13:00:00,0.5331,0.5331,0.5301,0.5313,2086.0,0.525465,0.5456543432024792,0.5052756567975207,61.67247386759587,68.80576743602549,0.5298722011631598,19060.15,False,,,,,,XRP/USDT,Binance US
219,2024-11-06 14:00:00,0.5331,0.5331,0.528,0.528,7609.0,0.526165,0.5456387366997903,0.5066912633002096,39.148936170212764,56.238128875479084,0.5300585496579406,19170.65,False,,,,,,XRP/USDT,Binance US
220,2024-11-06 15:00:00,0.53,0.5313,0.5296,0.5306,11412.0,0.527325,0.5447482603148821,0.509901739685118,47.2972972972971,49.37290244503524,0.5306305683643469,19268.45,False,,,,,,XRP/USDT,Binance US
221,2024-11-06 16:00:00,0.5308,0.5308,0.5306,0.5306,4905.0,0.52819,0.5443537541236118,0.5120262458763883,21.476510067113928,35.97424784487459,0.5307378206334679,19393.25,False,,,,,,XRP/USDT,Binance US
222,2024-11-06 17:00:00,0.5322,0.533,0.5322,0.5326,433.0,0.529265,0.543372000874898,0.515157999125102,34.89932885906023,34.55771207449042,0.5308032747791623,19352.45,False,,,,,,XRP/USDT,Binance US
223,2024-11-06 18:00:00,0.5348,0.5355,0.5348,0.535,429.0,0.530365,0.542412498102365,0.5183175018976349,51.00671140939623,35.79418344519013,0.5308293176198216,19350.65,False,,,,,,XRP/USDT,Binance US
224,2024-11-06 19:00:00,0.5348,0.5363,0.5326,0.5363,1569.0,0.53151,0.5408076284469228,0.5222123715530773,59.7315436241611,48.54586129753918,0.530932531335319,19339.2,False,,,,,,XRP/USDT,Binance US
225,2024-11-06 20:00:00,0.5347,0.5419,0.5347,0.5412,4003.0,0.532625,0.5408409985138231,0.524409001486177,92.61744966442961,67.78523489932898,0.5329416148608644,16890.0,False,,,,,,XRP/USDT,Binance US
226,2024-11-06 21:00:00,0.5422,0.5443,0.5404,0.5443,72514.0,0.533825,0.5414509598188098,0.5261990401811902,100.0,84.1163310961969,0.5351968945561792,20174.25,True,,,,,,XRP/USDT,Binance US
227,2024-11-06 22:00:00,0.5443,0.5464,0.5419,0.5455,92393.0,0.534625,0.5435814736952019,0.5256685263047981,95.10869565217384,95.90871510553448,0.53738847545986,23939.35,True,,,,,,XRP/USDT,Binance US
228,2024-11-06 23:00:00,0.5458,0.5458,0.5419,0.5419,24516.0,0.5351100000000001,0.5445509856755815,0.5256690143244187,75.54347826086982,90.21739130434787,0.5381908393619995,22717.85,False,,,,,,XRP/USDT,Binance US
229,2024-11-07 00:00:00,0.542,0.542,0.5383,0.5399,8847.0,0.535445,0.545074226344843,0.5258157736551569,64.67391304347848,78.44202898550738,0.5385717886741926,21658.5,False,,,,,,XRP/USDT,Binance US
230,2024-11-07 01:00:00,0.5398,0.5457,0.5398,0.5441,25105.0,0.535965,0.5462951857118994,0.5256348142881007,87.50000000000016,75.90579710144948,0.540210323044697,18212.65,False,,,,,,XRP/USDT,Binance US
231,2024-11-07 02:00:00,0.5452,0.5511,0.545,0.5511,16718.0,0.53671,0.5490626941446719,0.5243573058553281,100.0,84.05797101449288,0.5411890448610402,17136.25,False,,,,,,XRP/USDT,Binance US
232,2024-11-07 03:00:00,0.5513,0.5775,0.5513,0.56,105223.0,0.537915,0.5540559939040559,0.5217740060959442,64.64646464646472,84.04882154882164,0.5461626022764551,21186.45,True,,,,,,XRP/USDT,Binance US
233,2024-11-07 04:00:00,0.5611,0.5616,0.555,0.5559,111123.0,0.5391600000000001,0.5568245228755635,0.5214954771244367,54.9060542797494,73.1841729754047,0.5493510758935167,25044.3,True,,,,,,XRP/USDT,Binance US
234,2024-11-07 05:00:00,0.5569,0.5582,0.5533,0.558,124806.0,0.540365,0.5597253256823478,0.5210046743176522,58.42217484008542,59.324897922099844,0.5511431228400073,31163.3,True,,,,,,XRP/USDT,Binance US
235,2024-11-07 06:00:00,0.5581,0.5593,0.5503,0.5549,2981.0,0.541435,0.5615486010542292,0.5213213989457708,50.110375275938054,54.479534798590954,0.5511724348957086,31292.1,False,,,,,,XRP/USDT,Binance US
236,2024-11-07 07:00:00,0.5561,0.5582,0.5554,0.5554,422.0,0.542465,0.5632466999456699,0.5216833000543301,50.77951002227176,53.104020046098405,0.5513247883493018,31029.9,False,,,,,,XRP/USDT,Binance US
237,2024-11-07 08:00:00,0.5555,0.5556,0.5531,0.5549,772.0,0.543575,0.5645313832757536,0.5226186167242465,49.66592427616918,50.185269858126325,0.5514348790838143,30893.3,False,,,,,,XRP/USDT,Binance US
238,2024-11-07 09:00:00,0.5532,0.5556,0.5511,0.5516,10569.0,0.54459,0.5650024729670824,0.5241775270329176,39.48598130841122,46.64380520228405,0.5515047227663811,31317.45,False,,,,,,XRP/USDT,Binance US
239,2024-11-07 10:00:00,0.551,0.5511,0.5473,0.5495,13308.0,0.545665,0.5646106035727855,0.5267193964272144,28.57142857142853,39.2411113853363,0.5517454775586664,31602.4,False,,,,,,XRP/USDT,Binance US
240,2024-11-07 11:00:00,0.5508,0.5519,0.5475,0.5475,7980.0,0.54651,0.5640843712921998,0.5289356287078003,23.469387755101998,30.508932544980578,0.552075461649083,31430.8,False,,,,,,XRP/USDT,Binance US
241,2024-11-07 12:00:00,0.5474,0.55,0.5474,0.55,31324.0,0.54748,0.5634227396443878,0.5315372603556121,29.846938775510306,27.29591836734694,0.5521370238231545,32751.75,False,,,,,,XRP/USDT,Binance US
242,2024-11-07 13:00:00,0.5485,0.5485,0.5438,0.5449,2275.0,0.548095,0.5624952156416713,0.5336947843583287,16.836734693877673,23.384353741496653,0.5521248378311313,32843.85,False,,,,,,XRP/USDT,Binance US
243,2024-11-07 14:00:00,0.5453,0.5453,0.5411,0.5444,2985.0,0.5485650000000001,0.5617259110227102,0.53540408897729,12.201591511936446,19.62842166044147,0.5521010111717187,32971.65,False,,,,,,XRP/USDT,Binance US
244,2024-11-07 15:00:00,0.5464,0.5495,0.5464,0.5495,975.0,0.5492250000000001,0.5610525103043849,0.5373974896956153,23.076923076922984,17.371749760912362,0.5521347915044496,32941.95,False,,,,,,XRP/USDT,Binance US
245,2024-11-07 16:00:00,0.5508,0.5525,0.5498,0.5518,67955.0,0.549755,0.5610042292133759,0.5385057707866241,29.39560439560422,21.55803966148788,0.5521638748960626,36139.55,False,,,,,,XRP/USDT,Binance US
246,2024-11-07 17:00:00,0.5517,0.5546,0.5506,0.5545,38051.0,0.550265,0.5613971771644808,0.5391328228355192,65.36585365853654,39.279460377021245,0.5531214604084099,34416.4,False,,,,,,XRP/USDT,Binance US
247,2024-11-07 18:00:00,0.5538,0.5549,0.5505,0.5549,5305.0,0.550735,0.5618137183374404,0.5396562816625595,75.82417582417543,56.86187795943872,0.554308348745925,30062.0,False,,,,,,XRP/USDT,Binance US
248,2024-11-07 19:00:00,0.555,0.5551,0.5513,0.5538,3185.0,0.55133,0.5616640214824793,0.5409959785175207,69.78021978021944,70.32341642097713,0.5548301271406376,28995.45,False,,,,,,XRP/USDT,Binance US
249,2024-11-07 20:00:00,0.5552,0.5573,0.5551,0.5559,15271.0,0.55213,0.561129438579,0.543130561421,86.54970760233873,77.38470106891118,0.5550832680405162,29316.65,False,,,,,,XRP/USDT,Binance US
250,2024-11-07 21:00:00,0.5559,0.5573,0.5552,0.5563,61507.0,0.55274,0.5610772089233709,0.5444027910766291,93.82716049382715,83.3856959587951,0.5556462241563427,31136.75,False,,,,,,XRP/USDT,Binance US
251,2024-11-07 22:00:00,0.5538,0.555,0.551,0.5524,16346.0,0.552805,0.561108575640735,0.544501424359265,69.75308641975298,83.37665150530627,0.5556830852733855,31118.15,False,,,,,,XRP/USDT,Binance US
252,2024-11-07 23:00:00,0.5524,0.5549,0.5516,0.5549,3238.0,0.5525499999999999,0.5602116612188174,0.5448883387811824,85.18518518518475,82.92181069958828,0.5548053111392104,26018.9,False,,,,,,XRP/USDT,Binance US
253,2024-11-08 00:00:00,0.5549,0.5589,0.5549,0.555,9792.0,0.552505,0.5600940433486522,0.5449159566513478,78.0898876404499,77.67605308179587,0.554519570597093,20952.35,False,,,,,,XRP/USDT,Binance US
254,2024-11-08 01:00:00,0.5556,0.5566,0.5544,0.5549,1649.0,0.55235,0.5595848571440691,0.5451151428559309,77.52808988764033,80.26772090442499,0.5530536503430329,14794.5,False,,,,,,XRP/USDT,Binance US
255,2024-11-08 02:00:00,0.5545,0.5548,0.5486,0.5494,18096.0,0.552075,0.5593198529824415,0.5448301470175585,46.62921348314612,67.41573033707878,0.5528233632899793,15550.25,False,,,,,,XRP/USDT,Binance US
256,2024-11-08 03:00:00,0.5484,0.5499,0.5481,0.5498,1082.0,0.551795,0.5589308177343029,0.5446591822656972,48.87640449438183,57.67790262172275,0.5528093783389215,15583.25,False,,,,,,XRP/USDT,Binance US
257,2024-11-08 04:00:00,0.5495,0.5495,0.5484,0.5484,13617.0,0.5514699999999999,0.5586024610058762,0.5443375389941236,16.00000000000007,37.168539325842666,0.5526193796801332,16225.5,False,,,,,,XRP/USDT,Binance US
258,2024-11-08 05:00:00,0.5484,0.5519,0.5484,0.5503,4902.0,0.5514049999999999,0.5585561427132737,0.5442538572867262,20.370370370370335,28.415591621584074,0.5526175111261655,15942.15,False,,,,,,XRP/USDT,Binance US
259,2024-11-08 06:00:00,0.5503,0.5503,0.5478,0.5498,7012.0,0.55142,0.5585555595804857,0.5442844404195143,18.018018018018036,18.129462796129477,0.5526870413089872,15627.35,False,,,,,,XRP/USDT,Binance US
260,2024-11-08 07:00:00,0.5495,0.5505,0.547,0.5493,811.0,0.55151,0.5584808868272437,0.5445391131727562,19.327731092436856,19.238706493608404,0.5528135916798198,15268.9,False,,,,,,XRP/USDT,Binance US
261,2024-11-08 08:00:00,0.5491,0.5491,0.5463,0.5472,11803.0,0.55137,0.5585770433386068,0.5441629566613932,7.1428571428572685,14.829535417770714,0.5528901184858164,14292.85,False,,,,,,XRP/USDT,Binance US
262,2024-11-08 09:00:00,0.549,0.5492,0.5488,0.549,5784.0,0.551575,0.5582183583771059,0.5449316416228942,21.428571428571804,15.966386554621971,0.5528751791848385,14468.3,False,,,,,,XRP/USDT,Binance US
263,2024-11-08 10:00:00,0.5495,0.5495,0.5487,0.5488,1639.0,0.551795,0.5576868230580795,0.5459031769419206,19.841269841269504,16.137566137566186,0.5529398246649537,14401.0,False,,,,,,XRP/USDT,Binance US
264,2024-11-08 11:00:00,0.5509,0.5513,0.5497,0.5497,5432.0,0.551805,0.5576810799679567,0.5459289200320433,26.98412698412677,22.75132275132269,0.5528911203274104,14623.85,False,,,,,,XRP/USDT,Binance US
265,2024-11-08 12:00:00,0.5511,0.5511,0.55,0.5501,658.0,0.5517200000000001,0.5576453603044196,0.5457946396955806,30.158730158730496,25.661375661375587,0.5532122435385025,11259.0,False,,,,,,XRP/USDT,Binance US
266,2024-11-08 13:00:00,0.5515,0.552,0.5499,0.552,5306.0,0.5515950000000001,0.557377177699424,0.5458128223005762,45.238095238095745,34.12698412698433,0.5529241847896692,9621.75,False,,,,,,XRP/USDT,Binance US
267,2024-11-08 14:00:00,0.553,0.5567,0.5502,0.5502,10020.0,0.5513600000000001,0.5569556373984635,0.5457643626015366,37.50000000000027,37.632275132275495,0.5527325640375348,9857.5,False,,,,,,XRP/USDT,Binance US
268,2024-11-08 15:00:00,0.5535,0.5543,0.5495,0.5508,9665.0,0.55121,0.5566898770635775,0.5457301229364224,43.26923076923042,42.00244200244214,0.5526241418258606,10181.5,False,,,,,,XRP/USDT,Binance US
269,2024-11-08 16:00:00,0.5534,0.5538,0.5467,0.5495,2193.0,0.55089,0.5559479380030253,0.5458320619969746,30.76923076923069,37.17948717948712,0.5523256570384986,9527.6,False,,,,,,XRP/USDT,Binance US
270,2024-11-08 17:00:00,0.546,0.5472,0.5418,0.5472,7978.0,0.550435,0.555062731057136,0.545807268942864,36.24161073825545,36.760024092238844,0.5502432153726016,6851.15,False,,,,,,XRP/USDT,Binance US
271,2024-11-08 18:00:00,0.5467,0.5495,0.5455,0.5485,4972.0,0.55024,0.554847728062188,0.5456322719378119,44.96644295302033,37.32576148683548,0.5498936537497314,6282.45,False,,,,,,XRP/USDT,Binance US
272,2024-11-08 19:00:00,0.5484,0.5526,0.5484,0.5515,6918.0,0.55007,0.5541775540167277,0.5459624459832721,65.10067114093977,48.76957494407185,0.5498542360955393,6466.45,False,,,,,,XRP/USDT,Binance US
273,2024-11-08 20:00:00,0.5514,0.5514,0.5475,0.5475,717.0,0.549695,0.5532381030111616,0.5461518969888385,38.25503355704718,49.44071588366909,0.5494211918106673,6012.7,False,,,,,,XRP/USDT,Binance US
274,2024-11-08 21:00:00,0.5484,0.5519,0.5459,0.5519,3496.0,0.549545,0.5523340575658447,0.5467559424341552,67.78523489932874,57.046979865771895,0.5494181726603385,6105.05,False,,,,,,XRP/USDT,Binance US
275,2024-11-08 22:00:00,0.5524,0.5539,0.552,0.5533,4703.0,0.5497400000000001,0.5529931118705695,0.5464868881294307,77.18120805369159,61.073825503355835,0.5495891360341465,5435.4,False,,,,,,XRP/USDT,Binance US
276,2024-11-08 23:00:00,0.5526,0.5542,0.5524,0.5542,4610.0,0.54996,0.5537765291479534,0.5461434708520466,83.2214765100675,76.06263982102928,0.5497764906090737,5611.8,False,,,,,,XRP/USDT,Binance US
277,2024-11-09 00:00:00,0.5531,0.554,0.5521,0.5523,27025.0,0.550155,0.5540339445119327,0.5462760554880672,70.46979865771844,76.95749440715917,0.5504684577058993,6282.2,True,,,,,,XRP/USDT,Binance US
278,2024-11-09 01:00:00,0.5514,0.5525,0.5481,0.5481,877.0,0.5500450000000001,0.5540299585615386,0.5460600414384617,42.28187919463136,65.32438478747243,0.5504581685427441,6080.95,False,,,,,,XRP/USDT,Binance US
279,2024-11-09 02:00:00,0.5489,0.549,0.5468,0.549,287.0,0.550005,0.554016286707899,0.5459937132921009,48.32214765100727,53.69127516778568,0.550494694239908,5744.7,False,,,,,,XRP/USDT,Binance US
280,2024-11-09 03:00:00,0.549,0.549,0.5453,0.546,1941.0,0.54984,0.554227254266661,0.545452745733339,28.187919463087823,39.59731543624215,0.5504278519961388,5801.2,False,,,,,,XRP/USDT,Binance US
281,2024-11-09 04:00:00,0.5467,0.5467,0.5463,0.5463,562.0,0.549795,0.5543127893989169,0.5452772106010831,36.000000000000284,37.50335570469846,0.550769305135375,5239.15,False,,,,,,XRP/USDT,Binance US
282,2024-11-09 05:00:00,0.5476,0.5513,0.5476,0.5513,3376.0,0.5499099999999999,0.5544595633104864,0.5453604366895134,76.61290322580648,46.93360756296486,0.5508867682539683,5118.75,False,,,,,,XRP/USDT,Binance US
283,2024-11-09 06:00:00,0.5513,0.5554,0.5513,0.5526,5180.0,0.5500999999999999,0.5547701741205361,0.5454298258794638,79.41176470588226,64.00822264389633,0.5510028484837041,5295.8,False,,,,,,XRP/USDT,Binance US
284,2024-11-09 07:00:00,0.5523,0.5528,0.5515,0.5528,5002.0,0.5502549999999999,0.5550727194867456,0.5454372805132542,74.25742574257379,76.76069789142083,0.5511551570824564,5274.3,False,,,,,,XRP/USDT,Binance US
285,2024-11-09 08:00:00,0.5529,0.5566,0.5529,0.5532,5393.0,0.55041,0.5554030056342343,0.5454169943657656,69.91150442477907,74.52689829107838,0.551261508242531,5511.05,False,,,,,,XRP/USDT,Binance US
286,2024-11-09 09:00:00,0.5547,0.5556,0.5532,0.5532,4917.0,0.55047,0.5555711247470092,0.5453688752529908,69.91150442477907,71.36014486404399,0.5513126147206643,5491.6,False,,,,,,XRP/USDT,Binance US
287,2024-11-09 10:00:00,0.553,0.5531,0.551,0.5518,55.0,0.55055,0.5556833789016308,0.5454166210983692,57.52212389380499,65.78171091445438,0.5514245156057557,4993.35,False,,,,,,XRP/USDT,Binance US
288,2024-11-09 11:00:00,0.5515,0.5529,0.5515,0.5529,474.0,0.550655,0.5558947167460929,0.5454152832539071,67.2566371681412,64.89675516224175,0.5514987946093785,4533.8,False,,,,,,XRP/USDT,Binance US
289,2024-11-09 12:00:00,0.5531,0.5531,0.5493,0.5494,1983.0,0.55065,0.5558945460392901,0.5454054539607098,36.28318584070797,53.687315634218045,0.5515012424557293,4523.3,False,,,,,,XRP/USDT,Binance US
290,2024-11-09 13:00:00,0.5494,0.5494,0.5484,0.5484,186.0,0.55071,0.5558139303740841,0.545606069625916,27.433628318584052,43.65781710914441,0.5519093330430365,4133.7,False,,,,,,XRP/USDT,Binance US
291,2024-11-09 14:00:00,0.5476,0.5477,0.5457,0.546,875.0,0.550585,0.5560280158049532,0.5451419841950468,6.194690265487038,23.30383480825969,0.5520592565254464,3928.85,False,,,,,,XRP/USDT,Binance US
292,2024-11-09 15:00:00,0.5463,0.5489,0.5457,0.5489,1084.0,0.550455,0.5559301015371813,0.5449798984628188,31.858407079646504,21.828908554572532,0.5520653643649561,3637.15,False,,,,,,XRP/USDT,Binance US
293,2024-11-09 16:00:00,0.548,0.5488,0.5468,0.5484,7651.0,0.5505,0.5558869237389032,0.5451130762610967,27.433628318584052,21.828908554572532,0.55175447996285,3983.85,False,,,,,,XRP/USDT,Binance US
294,2024-11-09 17:00:00,0.5486,0.5491,0.5441,0.5484,3006.0,0.550325,0.5557477105283264,0.5449022894716735,34.399999999999885,31.230678466076814,0.5516207167843207,3959.35,False,,,,,,XRP/USDT,Binance US
295,2024-11-09 18:00:00,0.5487,0.5505,0.5481,0.5505,6166.0,0.550185,0.5554258416359368,0.5449441583640633,51.19999999999987,37.677876106194596,0.5514371084934905,4032.5,False,,,,,,XRP/USDT,Binance US
296,2024-11-09 19:00:00,0.5505,0.5514,0.55,0.55,1832.0,0.549975,0.554863170468248,0.545086829531752,47.200000000000294,44.26666666666668,0.5512397370043148,3893.6,False,,,,,,XRP/USDT,Binance US
297,2024-11-09 20:00:00,0.5494,0.5519,0.5493,0.5519,1478.0,0.549955,0.5548062505170608,0.5451037494829392,62.399999999999565,53.59999999999991,0.5507107787864309,2616.25,False,,,,,,XRP/USDT,Binance US
298,2024-11-09 21:00:00,0.5513,0.5527,0.5513,0.5527,8831.0,0.550185,0.5551016848052343,0.5452683151947658,68.79999999999977,59.46666666666655,0.5510401881252177,3013.95,True,,,,,,XRP/USDT,Binance US
299,2024-11-09 22:00:00,0.5521,0.5546,0.5519,0.5546,1919.0,0.550465,0.5557234868746498,0.5452065131253502,91.30434782608691,74.16811594202875,0.551159986109092,3095.55,False,,,,,,XRP/USDT,Binance US
300,2024-11-09 23:00:00,0.5547,0.5612,0.5547,0.5597,118263.0,0.55115,0.5574296245278574,0.5448703754721427,91.22807017543828,83.77747266717499,0.5568827377646115,8911.65,True,,,,,,XRP/USDT,Binance US
301,2024-11-10 00:00:00,0.5592,0.5602,0.5554,0.56,3453.0,0.551835,0.5588346315692762,0.5448353684307238,92.982456140351,91.83829138062539,0.5569750027605397,9056.2,False,,,,,,XRP/USDT,Binance US
302,2024-11-10 01:00:00,0.5593,0.5719,0.5593,0.5713,30513.0,0.5528350000000001,0.5639924898139196,0.5416775101860806,97.84172661870527,94.01741764483153,0.5591657991654703,10413.05,True,,,,,,XRP/USDT,Binance US
303,2024-11-10 02:00:00,0.5713,0.5722,0.5692,0.57,7235.0,0.553705,0.5672445677455816,0.5401654322544184,92.17081850533776,94.33166708813134,0.5597002153901748,10515.8,False,,,,,,XRP/USDT,Binance US
304,2024-11-10 03:00:00,0.5698,0.5738,0.5696,0.5716,10814.0,0.554645,0.5703562731904043,0.5389337268095958,92.59259259259265,94.20171257221189,0.5604553195328694,10806.4,False,,,,,,XRP/USDT,Binance US
305,2024-11-10 04:00:00,0.5718,0.577,0.5702,0.577,6313.0,0.555835,0.5744267100937726,0.5372432899062274,100.0,94.92113703264347,0.5611168068814271,10852.4,False,,,,,,XRP/USDT,Binance US
306,2024-11-10 05:00:00,0.5754,0.592,0.5748,0.583,75176.0,0.557325,0.57946540127056,0.5351845987294399,81.21085594989557,91.26781618082941,0.5669781951014072,14365.35,True,,,,,,XRP/USDT,Binance US
307,2024-11-10 06:00:00,0.5846,0.5871,0.5782,0.5808,24057.0,0.558775,0.583084138415968,0.5344658615840321,76.61795407098121,85.94293667362558,0.568048983164637,15565.45,False,,,,,,XRP/USDT,Binance US
308,2024-11-10 07:00:00,0.5812,0.586,0.581,0.586,22087.0,0.56043,0.5874147598313987,0.5334452401686013,86.33257403189063,81.38712801758913,0.569261473558371,16646.1,False,,,,,,XRP/USDT,Binance US
309,2024-11-10 08:00:00,0.5867,0.5875,0.5819,0.583,2691.0,0.56211,0.5903575448397568,0.5338624551602432,78.92271662763463,80.62441491016882,0.5694903369001588,16681.5,False,,,,,,XRP/USDT,Binance US
310,2024-11-10 09:00:00,0.5831,0.5858,0.5831,0.5831,3016.0,0.5638449999999999,0.5928006811987664,0.5348893188012335,79.15690866510532,81.4707331082102,0.5696239918563871,16823.0,False,,,,,,XRP/USDT,Binance US
311,2024-11-10 10:00:00,0.5859,0.5875,0.5848,0.5858,59539.0,0.5658350000000001,0.5950958072702321,0.536574192729768,84.7665847665848,80.94873668644158,0.5721137782063352,19756.2,True,,,,,,XRP/USDT,Binance US
312,2024-11-10 11:00:00,0.5864,0.5864,0.5837,0.5864,285.0,0.56771,0.5972066117590406,0.5382133882409595,86.03491271820465,83.31946871663159,0.5721879183414696,19716.25,False,,,,,,XRP/USDT,Binance US
313,2024-11-10 12:00:00,0.5879,0.6098,0.5852,0.6077,88772.0,0.5706749999999999,0.6037084360116725,0.5376415639883274,96.18874773139748,88.99674840539564,0.5792012907880181,23772.3,True,,,,,,XRP/USDT,Binance US
314,2024-11-10 13:00:00,0.605,0.6178,0.5989,0.6084,243558.0,0.5736749999999999,0.6090087098622833,0.5383412901377166,84.9358974358975,89.05318596183321,0.5892630059022511,35799.9,True,,,,,,XRP/USDT,Binance US
315,2024-11-10 14:00:00,0.6098,0.6122,0.5946,0.6008,21260.0,0.57619,0.6117380934421085,0.5406419065578915,70.94017094017092,84.0216053691553,0.5899254248439321,36554.6,False,,,,,,XRP/USDT,Binance US
316,2024-11-10 15:00:00,0.6008,0.6047,0.5991,0.6032,4809.0,0.57885,0.6141070411034291,0.5435929588965709,69.95884773662539,75.27830537089794,0.5901120296593372,36703.45,False,,,,,,XRP/USDT,Binance US
317,2024-11-10 16:00:00,0.6056,0.6056,0.5995,0.6035,11028.0,0.58143,0.6159270540313603,0.5469329459686397,70.33195020746894,70.41032296142174,0.5903865249543113,37180.95,False,,,,,,XRP/USDT,Binance US
318,2024-11-10 17:00:00,0.6052,0.6104,0.6035,0.6056,47883.0,0.584075,0.6173887477548562,0.5507612522451438,74.36974789915968,71.55351528108467,0.5917424925671195,39133.55,False,,,,,,XRP/USDT,Binance US
319,2024-11-10 18:00:00,0.6066,0.6109,0.6065,0.6094,35786.0,0.586815,0.6189135505493462,0.5547164494506538,80.46511627906987,75.05560479523284,0.5926036502893925,40826.9,False,,,,,,XRP/USDT,Binance US
320,2024-11-10 19:00:00,0.6065,0.616,0.592,0.5963,242961.0,0.588645,0.6183160722137963,0.5589739277862037,45.707070707070756,66.84731162843345,0.5976920162424727,47061.8,True,,,,,,XRP/USDT,Binance US
321,2024-11-10 20:00:00,0.5963,0.5978,0.5823,0.5823,115304.0,0.58976,0.616422127683891,0.5630978723161089,3.532608695652383,43.234931893931,0.5961303119305433,52654.35,True,,,,,,XRP/USDT,Binance US
322,2024-11-10 21:00:00,0.5821,0.5867,0.5633,0.5864,30679.0,0.590515,0.6157955125697643,0.5652344874302357,42.38532110091746,30.541666834546863,0.5965662291016498,52662.65,False,,,,,,XRP/USDT,Binance US
323,2024-11-10 22:00:00,0.5868,0.5945,0.5862,0.5907,6342.0,0.59155,0.6149165978425911,0.5681834021574089,50.27522935779813,32.06438638478932,0.5967135199931584,52618.0,False,,,,,,XRP/USDT,Binance US
324,2024-11-10 23:00:00,0.5899,0.5907,0.5864,0.5894,34622.0,0.5924400000000001,0.6138840176911275,0.5709959823088726,47.889908256880766,46.85015290519879,0.5967305888114124,53808.4,False,,,,,,XRP/USDT,Binance US
325,2024-11-11 00:00:00,0.5893,0.5954,0.5882,0.5925,79077.0,0.593215,0.6133924522412499,0.5730375477587502,53.57798165137616,50.58103975535169,0.5965478251106245,57446.6,False,,,,,,XRP/USDT,Binance US
326,2024-11-11 01:00:00,0.5926,0.5953,0.5882,0.5915,56069.0,0.5936400000000001,0.6132619426046327,0.5740180573953674,51.74311926605506,51.07033639143733,0.5971987620206669,56491.25,False,,,,,,XRP/USDT,Binance US
327,2024-11-11 02:00:00,0.5939,0.5978,0.5938,0.5958,10229.0,0.59439,0.6130695582050913,0.5757104417949086,59.633027522935734,54.98470948012232,0.5975394413246632,55799.85,False,,,,,,XRP/USDT,Binance US
328,2024-11-11 03:00:00,0.5941,0.5942,0.5905,0.5933,79137.0,0.594755,0.6130250761960941,0.5764849238039059,56.92599620493367,56.100714331308154,0.5974707100397512,58652.35,False,,,,,,XRP/USDT,Binance US
329,2024-11-11 04:00:00,0.5952,0.5956,0.5881,0.5916,29899.0,0.5951850000000001,0.6126784905186723,0.5776915094813279,53.70018975332071,56.7530711603967,0.5973569111563792,60012.75,False,,,,,,XRP/USDT,Binance US
330,2024-11-11 05:00:00,0.5911,0.5911,0.5709,0.5747,22465.0,0.594765,0.6138143293154635,0.5757156706845364,21.63187855787471,44.08602150537636,0.5969748605399342,60985.2,False,,,,,,XRP/USDT,Binance US
331,2024-11-11 06:00:00,0.5765,0.5774,0.5727,0.5751,15788.0,0.5942299999999999,0.6148737552683493,0.5735862447316505,22.390891840607075,32.57432005060083,0.597246963016379,58797.65,False,,,,,,XRP/USDT,Binance US
332,2024-11-11 07:00:00,0.5753,0.5774,0.5727,0.5774,3261.0,0.59378,0.6155063943287161,0.5720536056712838,26.755218216318806,23.592662871600197,0.597194687127045,58946.45,False,,,,,,XRP/USDT,Binance US
333,2024-11-11 08:00:00,0.5778,0.5834,0.5778,0.5816,2576.0,0.5924750000000001,0.6138128709538382,0.571137129046162,34.724857685009475,27.956989247311782,0.5963044883791375,54636.65,False,,,,,,XRP/USDT,Binance US
334,2024-11-11 09:00:00,0.5811,0.5829,0.5811,0.5829,5826.0,0.5912000000000001,0.6115560931005026,0.5708439068994975,56.811594202898455,39.43055670140891,0.592767588225043,42750.05,False,,,,,,XRP/USDT,Binance US
335,2024-11-11 10:00:00,0.5833,0.5867,0.5833,0.5844,1434.0,0.5903799999999999,0.6104267453717687,0.5703332546282311,61.159420289855134,50.89862405925436,0.5925487500224504,41758.75,False,,,,,,XRP/USDT,Binance US
336,2024-11-11 11:00:00,0.5865,0.5869,0.5861,0.5869,14722.0,0.589565,0.6087228786871094,0.5704071213128906,59.4795539033457,59.15018946536643,0.5923897337318718,42254.4,False,,,,,,XRP/USDT,Binance US
337,2024-11-11 12:00:00,0.5876,0.5879,0.5848,0.5848,10550.0,0.58863,0.6067198459450684,0.5705401540549315,51.67286245353162,57.43727888224415,0.5921498647896664,42230.5,False,,,,,,XRP/USDT,Binance US
338,2024-11-11 13:00:00,0.5817,0.5817,0.5777,0.5786,1050.0,0.58728,0.6040167984110805,0.5705432015889196,28.624535315985245,46.59231722428752,0.5913247467650735,39888.85,False,,,,,,XRP/USDT,Binance US
339,2024-11-11 14:00:00,0.5816,0.5828,0.5759,0.5817,7647.0,0.585895,0.5991460138639108,0.5726439861360894,40.14869888475843,40.14869888475843,0.5903886684389285,38481.9,False,,,,,,XRP/USDT,Binance US
340,2024-11-11 15:00:00,0.583,0.5954,0.583,0.5894,117092.0,0.58555,0.5979951639307668,0.5731048360692332,68.77323420074367,45.84882280049578,0.5879778841478854,32188.45,True,,,,,,XRP/USDT,Binance US
341,2024-11-11 16:00:00,0.5912,0.5934,0.5889,0.5895,209431.0,0.58591,0.598375852304785,0.5734441476952151,75.30364372469643,61.40852560339951,0.5892971229007882,36894.8,True,,,,,,XRP/USDT,Binance US
342,2024-11-11 17:00:00,0.5906,0.5938,0.5906,0.5919,10965.0,0.586185,0.5989357729384073,0.5734342270615926,85.02024291497963,76.36570694680658,0.5894606209846529,35909.1,False,,,,,,XRP/USDT,Binance US
343,2024-11-11 18:00:00,0.5919,0.5964,0.5881,0.5948,19518.0,0.58639,0.5995709910976487,0.5732090089023513,93.72549019607828,84.68312561191811,0.589592367486238,36567.9,False,,,,,,XRP/USDT,Binance US
344,2024-11-11 19:00:00,0.5948,0.5986,0.5928,0.5986,186233.0,0.58685,0.601074145520557,0.5726258544794429,100.0,92.91524437035264,0.5914997714529049,44148.45,True,,,,,,XRP/USDT,Binance US
345,2024-11-11 20:00:00,0.5991,0.6322,0.5991,0.6182,290806.0,0.5881350000000001,0.6080237722888673,0.5682462277111329,76.47058823529409,90.06535947712412,0.5985204215226483,54734.9,True,,,,,,XRP/USDT,Binance US
346,2024-11-11 21:00:00,0.6179,0.62,0.6102,0.6136,43558.0,0.58924,0.612143219723103,0.5663367802768969,66.9626998223802,81.1444293525581,0.5994911080062872,54109.35,False,,,,,,XRP/USDT,Binance US
347,2024-11-11 22:00:00,0.6139,0.6179,0.6073,0.6179,42090.0,0.590345,0.6164846633490283,0.5642053366509717,74.6003552397869,72.67788109915374,0.6002205080032458,55702.4,False,,,,,,XRP/USDT,Binance US
348,2024-11-11 23:00:00,0.6183,0.6217,0.6164,0.6208,72261.0,0.5917199999999999,0.6211945278074852,0.5622454721925146,79.75133214920078,73.7714624037893,0.602058310000614,55358.6,False,,,,,,XRP/USDT,Binance US
349,2024-11-12 00:00:00,0.621,0.6211,0.5974,0.6126,45572.0,0.59277,0.6236874180170766,0.5618525819829234,65.18650088809956,73.17939609236241,0.6027646398211686,56142.25,False,,,,,,XRP/USDT,Binance US
350,2024-11-12 01:00:00,0.6099,0.6125,0.6013,0.6025,9493.0,0.59416,0.6241423386609435,0.5641776613390566,47.24689165186511,64.06157489638848,0.6033304342028322,55493.65,False,,,,,,XRP/USDT,Binance US
351,2024-11-12 02:00:00,0.6026,0.6076,0.6,0.6042,70025.0,0.595615,0.6245073428209755,0.5667226571790245,50.26642984014207,54.23327412670225,0.603765610809975,58205.5,False,,,,,,XRP/USDT,Binance US
352,2024-11-12 03:00:00,0.603,0.6065,0.6025,0.6063,12631.0,0.59706,0.624991374549261,0.5691286254507391,53.99644760213139,50.503256364712854,0.603866158008658,58674.0,False,,,,,,XRP/USDT,Binance US
353,2024-11-12 04:00:00,0.606,0.6099,0.602,0.6058,28452.0,0.5982700000000001,0.6254685371123746,0.5710714628876256,46.34146341463421,50.201446952302554,0.6039598577069695,59967.8,False,,,,,,XRP/USDT,Binance US
354,2024-11-12 05:00:00,0.6054,0.61,0.5978,0.6008,144666.0,0.599165,0.6253947761693713,0.5729352238306286,28.798185941043165,43.045365652602925,0.6037099471975704,66909.8,True,,,,,,XRP/USDT,Binance US
355,2024-11-12 06:00:00,0.6013,0.6088,0.6013,0.6088,23340.0,0.6003850000000001,0.6259854337956784,0.5747845662043217,46.93877551020417,40.692808288627184,0.6038176540435938,68005.1,False,,,,,,XRP/USDT,Binance US
356,2024-11-12 07:00:00,0.6088,0.6165,0.6088,0.6165,4441.0,0.601865,0.6276050179937076,0.5761249820062924,64.3990929705217,46.71201814058967,0.6040438944126665,67491.05,False,,,,,,XRP/USDT,Binance US
357,2024-11-12 08:00:00,0.6172,0.69,0.6165,0.686,152886.0,0.606925,0.651463611279849,0.5623863887201511,95.88477366255155,69.07421404775914,0.6125771548168188,74607.85,True,,,,,,XRP/USDT,Binance US
358,2024-11-12 09:00:00,0.6859,0.6977,0.6476,0.6476,96848.0,0.610375,0.656342076318424,0.564407923681576,50.04985044865398,70.1112390272424,0.6147356344480793,79397.75,False,,,,,,XRP/USDT,Binance US
359,2024-11-12 10:00:00,0.6475,0.6544,0.6077,0.6374,176962.0,0.6131599999999999,0.6585578622265137,0.5677621377734862,39.88035892323026,61.938327678145264,0.6171617584662573,87863.5,True,,,,,,XRP/USDT,Binance US
360,2024-11-12 11:00:00,0.6323,0.6497,0.6286,0.6479,37597.0,0.616085,0.6625626244976879,0.5696073755023121,50.34895314057828,46.7597208374875,0.6197880614504329,83888.75,False,,,,,,XRP/USDT,Binance US
361,2024-11-12 12:00:00,0.6433,0.6651,0.638,0.6428,64679.0,0.61875,0.6649205989838451,0.5725794010161549,45.26420737786642,45.164506480558316,0.6248966920261471,76651.15,False,,,,,,XRP/USDT,Binance US
362,2024-11-12 13:00:00,0.6428,0.6547,0.6261,0.64,128335.0,0.6211550000000001,0.6664392472901154,0.5758707527098849,42.472582253240276,46.028580923894985,0.6262903550851221,82519.65,False,,,,,,XRP/USDT,Binance US
363,2024-11-12 14:00:00,0.6405,0.6704,0.636,0.6685,118716.0,0.6248400000000001,0.6729976970947994,0.5766823029052007,70.77077077077077,52.83585346729249,0.6295057288246224,87479.55,False,,,,,,XRP/USDT,Binance US
364,2024-11-12 15:00:00,0.6642,0.7021,0.6587,0.6773,289198.0,0.628775,0.680624696745809,0.5769253032541909,76.22243528283802,63.15526276894968,0.6400736545615895,92627.8,True,,,,,,XRP/USDT,Binance US
365,2024-11-12 16:00:00,0.6796,0.6868,0.6642,0.6821,79212.0,0.63197,0.6887195365156197,0.5752204634843804,80.82454458293392,75.93925021218091,0.6459787156558165,82048.1,False,,,,,,XRP/USDT,Binance US
366,2024-11-12 17:00:00,0.6814,0.6928,0.68,0.6802,114787.0,0.6353000000000001,0.6952373708219961,0.5753626291780041,79.00287631831263,78.68328539469485,0.6490966567398146,85609.55,False,,,,,,XRP/USDT,Binance US
367,2024-11-12 18:00:00,0.6802,0.7046,0.678,0.6968,143639.0,0.6392450000000001,0.7045097232834402,0.5739802767165599,92.69662921348312,84.17468337157655,0.6535984749743624,90687.0,False,,,,,,XRP/USDT,Binance US
368,2024-11-12 19:00:00,0.6958,0.6964,0.682,0.6923,28088.0,0.6428200000000001,0.7115705820071123,0.5740694179928878,88.09293320425947,86.59747957868507,0.6555521161956569,88478.35,False,,,,,,XRP/USDT,Binance US
369,2024-11-12 20:00:00,0.6937,0.7382,0.6937,0.704,380845.0,0.64739,0.7197394414920492,0.5750405585079509,73.79310344827584,84.86088862200614,0.665248125463218,105242.0,True,,,,,,XRP/USDT,Binance US
370,2024-11-12 21:00:00,0.7052,0.7243,0.7052,0.7207,46762.0,0.6533,0.7294221732687582,0.5771778267312417,86.59003831417627,82.8253583222372,0.6667367091497212,107105.45,False,,,,,,XRP/USDT,Binance US
371,2024-11-12 22:00:00,0.7201,0.7366,0.7075,0.716,116766.0,0.6588900000000001,0.7362406003106767,0.5815393996893234,82.98850574712642,81.12388250319283,0.6713653545469082,109442.5,False,,,,,,XRP/USDT,Binance US
372,2024-11-12 23:00:00,0.7159,0.7236,0.7036,0.7036,176341.0,0.663755,0.7393991941279315,0.5881108058720684,73.48659003831419,81.02171136653895,0.6741309078620736,117628.0,False,,,,,,XRP/USDT,Binance US
373,2024-11-13 00:00:00,0.7036,0.7396,0.701,0.7059,158132.0,0.66876,0.741446968353496,0.596073031646504,70.30837004405282,75.59448860983115,0.6769379938281552,124112.0,False,,,,,,XRP/USDT,Binance US
374,2024-11-13 01:00:00,0.7059,0.7091,0.6866,0.6985,102604.0,0.6736449999999999,0.7399533220942022,0.6073366779057977,63.788546255506596,69.19450211262453,0.6823584701607833,122008.9,False,,,,,,XRP/USDT,Binance US
375,2024-11-13 02:00:00,0.6987,0.7033,0.6794,0.6876,189999.0,0.6775849999999999,0.7366374575004565,0.6185325424995433,54.185022026431696,62.7606461086637,0.6833990953020844,130341.85,False,,,,,,XRP/USDT,Binance US
376,2024-11-13 03:00:00,0.6886,0.6902,0.667,0.667,23359.0,0.6801100000000001,0.7320559597740119,0.6281640402259883,29.92277992277994,49.29878273490607,0.6833663551626104,131287.75,False,,,,,,XRP/USDT,Binance US
377,2024-11-13 04:00:00,0.667,0.6764,0.6479,0.6608,50983.0,0.67885,0.7314132451133227,0.6262867548866772,14.067611777535467,32.7251379089157,0.6827509672912675,126192.6,False,,,,,,XRP/USDT,Binance US
378,2024-11-13 05:00:00,0.6601,0.6623,0.6449,0.6449,24971.0,0.6787150000000001,0.7316288833637518,0.6258011166362484,0.0,14.66346390010513,0.6837538830534569,122598.75,False,,,,,,XRP/USDT,Binance US
379,2024-11-13 06:00:00,0.6482,0.6573,0.6411,0.6507,12047.0,0.67938,0.7304083553784827,0.6283516446215173,9.746192893400952,7.937934890312135,0.687166419551739,114353.0,False,,,,,,XRP/USDT,Binance US
380,2024-11-13 07:00:00,0.6509,0.6606,0.6476,0.6606,5662.0,0.680015,0.7296921164092482,0.6303378835907518,19.796954314720765,9.847715736040568,0.6877543605786819,112756.25,False,,,,,,XRP/USDT,Binance US
381,2024-11-13 08:00:00,0.6591,0.6734,0.6591,0.6595,8861.0,0.68085,0.7284095803620225,0.6332904196379774,18.680203045685246,16.074450084602315,0.6889625780757302,109965.35,False,,,,,,XRP/USDT,Binance US
382,2024-11-13 09:00:00,0.6602,0.6649,0.653,0.6586,16712.0,0.68178,0.7266262449287753,0.6369337550712248,17.766497461928886,18.747884940778295,0.6917293727882189,104384.2,False,,,,,,XRP/USDT,Binance US
383,2024-11-13 10:00:00,0.6587,0.6746,0.6579,0.6701,19323.0,0.68186,0.7266121078598082,0.6371078921401918,29.441624365482248,21.962774957698787,0.6929061390913102,99414.55,False,,,,,,XRP/USDT,Binance US
384,2024-11-13 11:00:00,0.6696,0.6771,0.6683,0.6771,10112.0,0.6818500000000001,0.7266064873274916,0.6370935126725086,36.54822335025383,27.918781725888312,0.6954531902258652,85460.25,False,,,,,,XRP/USDT,Binance US
385,2024-11-13 12:00:00,0.675,0.6752,0.6648,0.6748,59001.0,0.681485,0.7263518333721388,0.6366181666278612,34.21319796954309,33.40101522842639,0.695357970247378,84449.7,False,,,,,,XRP/USDT,Binance US
386,2024-11-13 13:00:00,0.6736,0.7149,0.6683,0.7022,73178.0,0.682585,0.7283881612331348,0.6367818387668652,62.03045685279191,44.26395939086294,0.6967180797445649,82369.25,False,,,,,,XRP/USDT,Binance US
387,2024-11-13 14:00:00,0.6985,0.7164,0.6938,0.7123,88228.0,0.68336,0.7306754431226837,0.6360445568773162,94.55511288180612,63.5995892347137,0.6975742461874378,79598.7,False,,,,,,XRP/USDT,Binance US
388,2024-11-13 15:00:00,0.7113,0.7197,0.6979,0.7127,47721.0,0.68438,0.7333572707756646,0.6354027292243354,91.09414758269719,82.55990577243175,0.6981140546671738,80580.35,False,,,,,,XRP/USDT,Binance US
389,2024-11-13 16:00:00,0.7119,0.7381,0.7026,0.7353,99990.0,0.685945,0.7393611211620724,0.6325288788379276,97.11340206185565,94.25422084211965,0.6992236452021112,66537.6,False,,,,,,XRP/USDT,Binance US
390,2024-11-13 17:00:00,0.7381,0.7464,0.7102,0.7102,75549.0,0.68542,0.7375897068785198,0.6332502931214803,65.62203228869905,84.60986064441728,0.6990949069500765,67976.95,False,,,,,,XRP/USDT,Binance US
391,2024-11-13 18:00:00,0.7136,0.7193,0.705,0.7051,13176.0,0.684875,0.7359151235355824,0.6338348764644176,60.77872744539409,74.5047205986496,0.6975862334378228,62797.45,False,,,,,,XRP/USDT,Binance US
392,2024-11-13 19:00:00,0.7049,0.7059,0.6794,0.6825,31833.0,0.68382,0.7340970262487971,0.6335429737512028,39.316239316239326,55.23899968344415,0.6962000026991986,55572.05,False,,,,,,XRP/USDT,Binance US
393,2024-11-13 20:00:00,0.6825,0.6924,0.674,0.6821,9660.0,0.68263,0.7318214883523253,0.6334385116476746,34.91902834008106,45.00466503390482,0.6944656934958446,48148.45,False,,,,,,XRP/USDT,Binance US
394,2024-11-13 21:00:00,0.6852,0.6854,0.6701,0.6809,45421.0,0.68175,0.7303725202317339,0.633127479768266,29.871520342612364,34.702262666310915,0.6933284454606277,45289.3,False,,,,,,XRP/USDT,Binance US
395,2024-11-13 22:00:00,0.6801,0.6911,0.6801,0.6911,8669.0,0.681925,0.7306612342237986,0.6331887657762014,40.792291220556805,35.19427996775007,0.6948041465596254,36222.8,False,,,,,,XRP/USDT,Binance US
396,2024-11-13 23:00:00,0.6911,0.6917,0.6877,0.6916,28642.0,0.683155,0.7315457113749074,0.6347642886250925,38.07909604519772,36.24763586945563,0.6955683977422065,36486.95,False,,,,,,XRP/USDT,Binance US
397,2024-11-14 00:00:00,0.6879,0.6985,0.6829,0.6839,18342.0,0.68431,0.7315429456830286,0.6370770543169714,23.406862745098046,34.09275000361752,0.6978042031393004,34854.9,False,,,,,,XRP/USDT,Binance US
398,2024-11-14 01:00:00,0.6875,0.7043,0.6875,0.7013,97100.0,0.68713,0.7310760961681725,0.6431839038318276,44.73039215686285,35.405450315719534,0.6999628802681133,38461.35,True,,,,,,XRP/USDT,Binance US
399,2024-11-14 02:00:00,0.7033,0.7033,0.6912,0.7,24514.0,0.689595,0.730352174376533,0.6488378256234669,40.58898847631238,36.24208112609109,0.7007232543680777,39084.7,False,,,,,,XRP/USDT,Binance US
400,2024-11-14 03:00:00,0.6976,0.7,0.6912,0.6968,12475.0,0.6914049999999999,0.7298925359181887,0.6529174640818112,34.99344692005239,40.10427585107587,0.7009492958210898,39425.35,False,,,,,,XRP/USDT,Binance US
401,2024-11-14 04:00:00,0.6933,0.7007,0.6932,0.7005,9130.0,0.693455,0.7290458607429254,0.6578641392570747,39.842726081258206,38.47505382587432,0.7014097308995203,39438.8,False,,,,,,XRP/USDT,Binance US
402,2024-11-14 05:00:00,0.6997,0.6997,0.6942,0.6969,15192.0,0.69537,0.7269612113028325,0.6637787886971676,35.12450851900388,36.65356050677149,0.7022314768004307,39362.8,False,,,,,,XRP/USDT,Binance US
403,2024-11-14 06:00:00,0.6984,0.7043,0.687,0.687,20516.0,0.6962149999999999,0.7258006490816108,0.666629350918389,22.149410222804775,32.372214941022285,0.7026226086912406,39422.45,False,,,,,,XRP/USDT,Binance US
404,2024-11-14 07:00:00,0.6861,0.6984,0.6841,0.6984,6940.0,0.69728,0.7254689564042228,0.6690910435957772,57.520325203251986,38.264747981686874,0.7029139450155805,39263.85,False,,,,,,XRP/USDT,Binance US
405,2024-11-14 08:00:00,0.6983,0.7133,0.6978,0.7106,18102.0,0.6990700000000001,0.7257549928256795,0.6723850071743207,93.74999999999993,57.80657847535222,0.7053292284296419,37218.9,False,,,,,,XRP/USDT,Binance US
406,2024-11-14 09:00:00,0.7079,0.7109,0.7007,0.7109,4955.0,0.699505,0.7266838985486368,0.6723261014513633,94.44444444444429,81.90492321589873,0.7057087181193662,33807.75,False,,,,,,XRP/USDT,Binance US
407,2024-11-14 10:00:00,0.7114,0.7162,0.7091,0.7113,124234.0,0.699455,0.7265383003508811,0.672371699649119,89.37093275488088,92.52179239977504,0.7058675188616058,35608.05,True,,,,,,XRP/USDT,Binance US
408,2024-11-14 11:00:00,0.7116,0.7204,0.699,0.7197,11441.0,0.699805,0.7277753960042198,0.6718346039957802,98.26302729528528,94.02613483153681,0.705619257088156,33794.05,False,,,,,,XRP/USDT,Binance US
409,2024-11-14 12:00:00,0.7186,0.725,0.7123,0.715,32096.0,0.69879,0.7224832946321867,0.6750967053678133,76.24703087885986,87.96033030967533,0.7012331548207446,30399.35,False,,,,,,XRP/USDT,Binance US
410,2024-11-14 13:00:00,0.7151,0.7393,0.7142,0.7227,96078.0,0.6994149999999999,0.7249625016803318,0.673867498319668,70.56737588652491,81.69247802022335,0.7034368463173571,31425.8,True,,,,,,XRP/USDT,Binance US
411,2024-11-14 14:00:00,0.7245,0.7531,0.7043,0.7071,192741.0,0.699515,0.7251716211829932,0.6738583788170068,33.33333333333323,60.049246699572656,0.7042834522776801,40404.05,True,,,,,,XRP/USDT,Binance US
412,2024-11-14 15:00:00,0.7069,0.7257,0.7022,0.715,50043.0,0.70114,0.7263724269229569,0.6759075730770431,44.7826086956521,49.561105971836746,0.7057716941126068,41314.55,False,,,,,,XRP/USDT,Binance US
413,2024-11-14 16:00:00,0.715,0.7317,0.687,0.7276,192681.0,0.703415,0.7296058200068823,0.6772241799931177,63.04347826086959,47.0531400966183,0.710165348772233,50465.6,True,,,,,,XRP/USDT,Binance US
414,2024-11-14 17:00:00,0.7276,0.771,0.7276,0.7652,468215.0,0.7076300000000001,0.7437975690727612,0.671462430927239,93.32566168009203,67.05058287887124,0.7290866511277796,71605.3,True,,,,,,XRP/USDT,Binance US
415,2024-11-14 18:00:00,0.7657,0.7764,0.759,0.7752,64033.0,0.711835,0.7580661480782489,0.6656038519217511,98.69989165763816,85.02301053286659,0.7312931375422698,74373.5,False,,,,,,XRP/USDT,Binance US
416,2024-11-14 19:00:00,0.7722,0.799,0.7646,0.7898,95086.0,0.716745,0.7735719570946131,0.6599180429053868,91.99303742384673,94.6728635871923,0.7356048783265998,77695.7,False,,,,,,XRP/USDT,Binance US
417,2024-11-14 20:00:00,0.7887,0.7912,0.7595,0.7874,132334.0,0.72192,0.7846926256127402,0.6591473743872598,89.90426457789378,93.53239788645955,0.7402829755993443,83395.3,False,,,,,,XRP/USDT,Binance US
418,2024-11-14 21:00:00,0.7886,0.8395,0.7846,0.8242,318455.0,0.728065,0.8048390437223102,0.6512909562776897,89.9672131147541,90.62150503883153,0.7564316405726895,94463.05,True,,,,,,XRP/USDT,Binance US
419,2024-11-14 22:00:00,0.8264,0.8476,0.786,0.7926,222156.0,0.732695,0.8134103406145812,0.6519796593854188,65.75342465753421,81.8749674500607,0.7609447316430135,104345.15,True,,,,,,XRP/USDT,Binance US
420,2024-11-14 23:00:00,0.7988,0.8002,0.7572,0.7703,173020.0,0.7363700000000001,0.8168967683509913,0.6558432316490088,51.86799501867991,69.19621093032274,0.7620209986170982,112372.4,False,,,,,,XRP/USDT,Binance US
421,2024-11-15 00:00:00,0.7735,0.8024,0.773,0.7995,54674.0,0.74132,0.8246839477800524,0.6579560522199476,70.04981320049811,62.55707762557074,0.7631596042637742,114649.6,False,,,,,,XRP/USDT,Binance US
422,2024-11-15 01:00:00,0.8009,0.8273,0.76,0.822,190717.0,0.747575,0.8355510463810677,0.6595989536189323,84.05977584059772,68.6591946865919,0.7681133800172331,123425.85,False,,,,,,XRP/USDT,Binance US
423,2024-11-15 02:00:00,0.8203,0.8302,0.806,0.8301,179011.0,0.75473,0.845203772878935,0.664256227121065,89.10336239103358,81.07098381070979,0.772970765112607,131350.6,False,,,,,,XRP/USDT,Binance US
424,2024-11-15 03:00:00,0.8305,0.8305,0.8093,0.8207,42649.0,0.760845,0.8518189690935455,0.6698710309064545,83.25031133250309,85.47114985471147,0.77392960580549,133136.05,False,,,,,,XRP/USDT,Binance US
425,2024-11-15 04:00:00,0.8181,0.8394,0.7935,0.8065,95182.0,0.76564,0.8555665524864992,0.6757134475135008,74.40846824408466,82.25404732254044,0.7754795387329225,136990.05,False,,,,,,XRP/USDT,Binance US
426,2024-11-15 05:00:00,0.8083,0.8105,0.794,0.8078,143934.0,0.770485,0.8584128956993009,0.682557104300699,75.21793275217928,77.62557077625567,0.7772066609466509,143939.0,False,,,,,,XRP/USDT,Binance US
427,2024-11-15 06:00:00,0.807,0.8162,0.7887,0.7956,116500.0,0.7746999999999999,0.8586753347245913,0.6907246652754085,56.66666666666663,68.76435588764352,0.7808048868600502,143552.3,False,,,,,,XRP/USDT,Binance US
428,2024-11-15 07:00:00,0.7973,0.8033,0.7839,0.7871,6227.0,0.7780699999999999,0.8580672920594443,0.6980727079405555,33.07522123893808,54.98660688592798,0.7810625086187886,143291.6,False,,,,,,XRP/USDT,Binance US
429,2024-11-15 08:00:00,0.7899,0.7968,0.7749,0.7968,40397.0,0.78216,0.8567626216556543,0.7075573783443456,43.80530973451322,44.515732546705976,0.7820214376996473,143706.65,False,,,,,,XRP/USDT,Binance US
430,2024-11-15 09:00:00,0.7968,0.8134,0.796,0.8108,23135.0,0.7865650000000001,0.8566522321130259,0.7164777678869743,59.29203539823005,45.39085545722711,0.7842937852127132,140059.5,False,,,,,,XRP/USDT,Binance US
431,2024-11-15 10:00:00,0.8124,0.8241,0.8117,0.8146,68979.0,0.79194,0.8521615348788116,0.7317184651211883,63.49557522123892,55.53097345132739,0.7906315465812713,133871.4,False,,,,,,XRP/USDT,Binance US
432,2024-11-15 11:00:00,0.8112,0.8327,0.8002,0.8215,52805.0,0.797265,0.8467112504565574,0.7478187495434426,71.1283185840708,64.63864306784659,0.7926518653528295,134009.5,False,,,,,,XRP/USDT,Binance US
433,2024-11-15 12:00:00,0.8281,0.8712,0.8163,0.8676,127122.0,0.804265,0.8517872396690226,0.7567427603309774,96.84210526315795,77.15533302282255,0.8010896966340565,130731.55,False,,,,,,XRP/USDT,Binance US
434,2024-11-15 13:00:00,0.865,0.88,0.8548,0.8796,202833.0,0.809985,0.8647036978531015,0.7552663021468984,99.6666666666667,89.21236350463181,0.8150212018393963,117462.45,False,,,,,,XRP/USDT,Binance US
435,2024-11-15 14:00:00,0.88,0.9146,0.8644,0.9092,244584.0,0.816685,0.8846756580270377,0.7486943419729623,96.50711513583443,97.67196235521969,0.8251344511819116,126490.0,False,,,,,,XRP/USDT,Binance US
436,2024-11-15 15:00:00,0.9039,0.9039,0.8613,0.8687,395640.0,0.8206300000000001,0.8911610114697757,0.7500989885302245,67.14387974230497,87.77255384826869,0.8324113096100346,141517.7,True,,,,,,XRP/USDT,Binance US
437,2024-11-15 16:00:00,0.8634,0.8835,0.8621,0.8825,144358.0,0.825385,0.8992282557587686,0.7515417442412314,77.02219040801715,80.2243950953855,0.8370508156198788,142118.9,False,,,,,,XRP/USDT,Binance US
438,2024-11-15 17:00:00,0.8825,0.8872,0.8605,0.8678,46307.0,0.8275650000000001,0.903796649042847,0.7513333509571533,66.49964209019329,70.2219040801718,0.8391970472681434,128511.5,False,,,,,,XRP/USDT,Binance US
439,2024-11-15 18:00:00,0.87,0.8827,0.8634,0.8827,90507.0,0.8320700000000001,0.9102262833787617,0.7539137166212385,77.16535433070871,73.56239560963971,0.8450566579908562,121929.05,False,,,,,,XRP/USDT,Binance US
440,2024-11-15 19:00:00,0.8815,0.8974,0.8815,0.8974,76390.0,0.838425,0.9161013562211298,0.7607486437788702,87.68790264853257,77.11763302314485,0.852286913816728,117097.55,False,,,,,,XRP/USDT,Binance US
441,2024-11-15 20:00:00,0.8975,0.9006,0.8689,0.8728,117455.0,0.84209,0.9189460075383782,0.7652339924616218,70.07874015748034,78.31066571224052,0.8544890038058294,120236.6,False,,,,,,XRP/USDT,Binance US
442,2024-11-15 21:00:00,0.8738,0.9245,0.8695,0.9206,336628.0,0.84702,0.9307886438007263,0.7632513561992736,97.39304812834223,85.05323031145171,0.8656434530038112,127532.15,True,,,,,,XRP/USDT,Binance US
443,2024-11-15 22:00:00,0.9183,0.9268,0.8983,0.9037,252225.0,0.8507,0.9377415750631625,0.7636584249368376,82.33944954128438,83.27041260903565,0.8717266662398142,131192.85,False,,,,,,XRP/USDT,Binance US
444,2024-11-15 23:00:00,0.8989,0.9028,0.8859,0.8934,94292.0,0.8543350000000001,0.9421699474867634,0.7665000525132367,73.61769352290679,84.45006373084446,0.8733038885441975,133775.0,False,,,,,,XRP/USDT,Binance US
445,2024-11-16 00:00:00,0.8902,0.9,0.879,0.8862,96613.0,0.85832,0.9442278233065282,0.7724121766934717,67.9304897314376,74.62921093187624,0.8761446265891799,133846.55,False,,,,,,XRP/USDT,Binance US
446,2024-11-16 01:00:00,0.8851,0.89,0.8789,0.8792,74210.0,0.86189,0.9448415242079589,0.7789384757920412,56.92307692307692,66.1570867258071,0.8800046402913156,130360.35,False,,,,,,XRP/USDT,Binance US
447,2024-11-16 02:00:00,0.886,0.8947,0.883,0.8927,10919.0,0.8667450000000001,0.9445680239237346,0.7889219760762656,52.63888888888899,59.16415184780116,0.8839907522147595,125081.3,False,,,,,,XRP/USDT,Binance US
448,2024-11-16 03:00:00,0.8908,0.9171,0.89,0.9089,185172.0,0.872835,0.9431125931948852,0.8025574068051149,73.00150829562604,60.85449136919731,0.8859365443407394,134028.55,False,,,,,,XRP/USDT,Binance US
449,2024-11-16 04:00:00,0.908,0.9486,0.9058,0.9477,161722.0,0.8803799999999999,0.9486594135577637,0.8121005864422361,98.97843359818387,74.87294359423295,0.8907866025005926,140094.8,False,,,,,,XRP/USDT,Binance US
450,2024-11-16 05:00:00,0.9486,0.9822,0.9456,0.9821,304186.0,0.888945,0.9631896446766406,0.8147003553233594,99.9178307313065,90.63259087503879,0.9003964813537177,154147.35,False,,,,,,XRP/USDT,Binance US
451,2024-11-16 06:00:00,0.9814,0.9822,0.9467,0.9598,43212.0,0.8962049999999999,0.9682026161886272,0.8242073838113726,81.59408381265408,93.49678271404814,0.9031719477426909,152859.0,False,,,,,,XRP/USDT,Binance US
452,2024-11-16 07:00:00,0.9611,0.9781,0.9581,0.9714,46159.0,0.9037000000000001,0.9741456789605535,0.8332543210394466,90.90909090909098,90.80700181768384,0.9056180853253889,152526.7,False,,,,,,XRP/USDT,Binance US
453,2024-11-16 08:00:00,0.9714,0.9969,0.9617,0.9969,98032.0,0.9101650000000001,0.9897949672498578,0.8305350327501424,100.0,90.83439157391501,0.9101793095950148,151072.2,False,,,,,,XRP/USDT,Binance US
454,2024-11-16 09:00:00,0.9947,1.0551,0.9831,1.0497,196188.0,0.91867,1.0183627089135874,0.8189772910864126,97.09989258861448,96.00299449923516,0.921315965243454,150739.95,False,,,,,,XRP/USDT,Binance US
455,2024-11-16 10:00:00,1.0497,1.0734,1.0323,1.0635,69337.0,0.926385,1.04506559345639,0.8077044065436101,95.14467876410004,97.4148571175715,0.9258314612305039,141977.6,False,,,,,,XRP/USDT,Binance US
456,2024-11-16 11:00:00,1.0712,1.0873,1.0161,1.0483,168150.0,0.935365,1.0625424934574053,0.8081875065425949,81.28598848368524,91.17685327879991,0.9423688083973505,130603.1,False,,,,,,XRP/USDT,Binance US
457,2024-11-16 12:00:00,1.0495,1.064,1.0315,1.0577,194276.0,0.944125,1.0798208188860696,0.8084291811139303,85.7965451055663,87.40907078445052,0.9540325414165396,133099.0,False,,,,,,XRP/USDT,Binance US
458,2024-11-16 13:00:00,1.0633,1.1464,1.0589,1.1167,268548.0,0.9565699999999999,1.1075823745365296,0.8055576254634702,88.89719626168223,85.32657661697793,0.9705628943135772,144211.05,False,,,,,,XRP/USDT,Binance US
459,2024-11-16 14:00:00,1.1168,1.1988,1.1136,1.1959,361506.0,0.97223,1.1530118470160367,0.7914481529839634,99.09346670834633,91.26240269186495,0.9989009888692391,157761.0,True,,,,,,XRP/USDT,Binance US
460,2024-11-16 15:00:00,1.1967,1.2675,1.0708,1.1125,581242.0,0.982985,1.170490848610547,0.795479151389453,59.687906371911566,82.55952311398003,1.0190596570504624,183003.6,True,,,,,,XRP/USDT,Binance US
461,2024-11-16 16:00:00,1.1128,1.1561,1.0852,1.14,235026.0,0.996345,1.1888059540714917,0.8038840459285084,66.22516556291387,75.00217954772391,1.0311314841291248,188882.15,False,,,,,,XRP/USDT,Binance US
462,2024-11-16 17:00:00,1.1464,1.1659,1.1172,1.1379,258793.0,1.0072100000000002,1.206093905834544,0.8083260941654564,64.16920099529993,63.360757643375116,1.0486564305499095,184990.4,False,,,,,,XRP/USDT,Binance US
463,2024-11-16 18:00:00,1.134,1.18,1.1333,1.1788,191485.0,1.020965,1.2276074043200274,0.8143225956799724,72.44485865175521,67.61307506998968,1.0655514644134156,181953.4,False,,,,,,XRP/USDT,Binance US
464,2024-11-16 19:00:00,1.1788,1.2056,1.1573,1.1864,118036.0,1.035615,1.2456944864606796,0.8255355135393203,74.71945137157103,70.44450367287538,1.0738775765996178,183140.6,False,,,,,,XRP/USDT,Binance US
465,2024-11-16 20:00:00,1.1873,1.2006,1.1354,1.1643,162607.0,1.04952,1.2547164973539262,0.8443235026460739,66.645119586296,71.26980986987407,1.0826834551328226,186440.3,False,,,,,,XRP/USDT,Binance US
466,2024-11-16 21:00:00,1.1679,1.1808,1.1,1.1328,160060.0,1.0622,1.253985307598185,0.870414692401815,55.951602354480045,65.77205777078235,1.0887448565742233,190732.8,False,,,,,,XRP/USDT,Binance US
467,2024-11-16 22:00:00,1.1358,1.1547,1.1067,1.1096,44777.0,1.073045,1.2482903014611653,0.8977996985388347,44.47960618846692,55.692109376414315,1.0895437219404684,192425.7,False,,,,,,XRP/USDT,Binance US
468,2024-11-16 23:00:00,1.1066,1.1413,1.1055,1.1195,104189.0,1.083575,1.2417712255854352,0.9253787744145646,41.129673826571164,47.18696078983937,1.0992506822637955,188376.55,False,,,,,,XRP/USDT,Binance US
469,2024-11-17 00:00:00,1.1232,1.159,1.06,1.1235,107337.0,1.0923649999999998,1.2377938941825597,0.9469361058174398,42.72076372315033,42.7766812460628,1.106552288086706,185657.3,False,,,,,,XRP/USDT,Binance US
470,2024-11-17 01:00:00,1.123,1.1265,1.0587,1.0778,31194.0,1.0971499999999998,1.2333049195044654,0.9609950804955342,19.618644067796616,34.48969387250603,1.1172959189908358,172007.7,False,,,,,,XRP/USDT,Binance US
471,2024-11-17 02:00:00,1.0766,1.08,1.0365,1.0696,99237.0,1.10264,1.223468236504745,0.9818117634952553,14.32900432900438,25.556137373317103,1.1178887129348927,174808.95,False,,,,,,XRP/USDT,Binance US
472,2024-11-17 03:00:00,1.0664,1.0713,1.0473,1.06,82770.0,1.1070699999999998,1.2132467959584599,1.0008932040415397,10.173160173160202,14.706936189987061,1.118446437489916,176639.5,False,,,,,,XRP/USDT,Binance US
473,2024-11-17 04:00:00,1.0549,1.0912,1.0147,1.035,310957.0,1.1089749999999998,1.2079521451556487,1.009997854844351,8.03006329113923,10.844075931101266,1.1147000730434642,187285.75,False,,,,,,XRP/USDT,Binance US
474,2024-11-17 05:00:00,1.039,1.048,1.0049,1.0049,36962.0,1.106735,1.213111674827581,1.000358325172419,0.0,6.067741154766473,1.117124116176015,179324.45,False,,,,,,XRP/USDT,Binance US
475,2024-11-17 06:00:00,1.004,1.0673,1.004,1.0633,78291.0,1.106725,1.2131188240194333,1.0003311759805666,29.414682539682495,12.481581943607239,1.1169862170252733,179772.15,False,,,,,,XRP/USDT,Binance US
476,2024-11-17 07:00:00,1.0695,1.0887,1.065,1.0679,29372.0,1.107705,1.212176612361819,1.003233387638181,31.696428571428605,20.370370370370363,1.1199103728304596,172833.25,False,,,,,,XRP/USDT,Binance US
477,2024-11-17 08:00:00,1.0657,1.0998,1.0536,1.0819,60679.0,1.108915,1.2114914161876367,1.0063385838123635,38.640873015873055,33.25066137566138,1.1228533011662716,166153.4,False,,,,,,XRP/USDT,Binance US
478,2024-11-17 09:00:00,1.0805,1.0882,1.0695,1.0713,48181.0,1.1066449999999999,1.210497475833976,1.0027925241660238,34.23194303153609,34.85641487294591,1.1225853304910787,155135.05,False,,,,,,XRP/USDT,Binance US
479,2024-11-17 10:00:00,1.08,1.0828,1.0567,1.0626,79989.0,1.09998,1.1965696496580096,1.0033903503419903,33.144796380090476,35.339204142499874,1.1114900387567772,141059.2,False,,,,,,XRP/USDT,Binance US
480,2024-11-17 11:00:00,1.0623,1.0623,1.0372,1.0384,56270.0,1.0962749999999999,1.1964603203870556,0.9960896796129443,22.19354838709676,29.856762599574438,1.1094432728772432,114810.6,False,,,,,,XRP/USDT,Binance US
481,2024-11-17 12:00:00,1.0446,1.0785,1.039,1.0763,23324.0,1.09309,1.1914560810174988,0.994723918982501,46.64516129032259,33.994502019169936,1.1056271918580387,104225.5,False,,,,,,XRP/USDT,Binance US
482,2024-11-17 13:00:00,1.0771,1.1454,1.0734,1.1298,128438.0,1.092685,1.1903383778756813,0.9950316221243185,81.16129032258057,49.999999999999964,1.1029420058286061,97707.75,False,,,,,,XRP/USDT,Binance US
483,2024-11-17 14:00:00,1.1291,1.1292,1.0908,1.1031,81721.0,1.0889,1.1779925243482365,0.9998074756517635,70.08486562942008,65.96377241410774,1.0950734158321092,92219.55,False,,,,,,XRP/USDT,Binance US
484,2024-11-17 15:00:00,1.1064,1.1064,1.075,1.0857,43958.0,1.0838649999999999,1.1602297555796588,1.007500244420341,57.77934936350787,69.67516843850284,1.0887514483032097,88515.65,False,,,,,,XRP/USDT,Binance US
485,2024-11-17 16:00:00,1.0856,1.0882,1.0716,1.0831,77614.0,1.079805,1.1461392564513353,1.0134707435486645,55.94059405940591,61.26826968411128,1.0812019296038735,84266.0,False,,,,,,XRP/USDT,Binance US
486,2024-11-17 17:00:00,1.0851,1.0857,1.0641,1.071,47146.0,1.0767149999999999,1.138238133004919,1.0151918669950808,47.38330975954736,53.7010843941537,1.0756437166991222,78620.3,False,,,,,,XRP/USDT,Binance US
487,2024-11-17 18:00:00,1.0695,1.073,1.0456,1.052,167347.0,1.073835,1.134259333718025,1.0134106662819753,33.94625176803399,45.75671852899575,1.0724123048349945,84748.8,False,,,,,,XRP/USDT,Binance US
488,2024-11-17 19:00:00,1.052,1.0552,1.034,1.0367,49825.0,1.069695,1.128263267859004,1.011126732140996,23.125884016973096,34.81848184818481,1.0683373709323107,82030.6,False,,,,,,XRP/USDT,Binance US
489,2024-11-17 20:00:00,1.0405,1.0548,1.0325,1.0512,23102.0,1.06608,1.1193506535187976,1.0128093464812022,16.56333038086797,24.545155388625016,1.0642786508024726,77818.85,False,,,,,,XRP/USDT,Binance US
490,2024-11-17 21:00:00,1.0496,1.0641,1.0491,1.0549,10034.0,1.064935,1.1181293516986113,1.0117406483013887,19.840566873339217,19.843260423726758,1.0639426133895078,76760.85,False,,,,,,XRP/USDT,Binance US
491,2024-11-17 22:00:00,1.0541,1.0719,1.0381,1.0634,48332.0,1.064625,1.1177771302242194,1.0114728697757804,27.369353410097368,21.257750221434847,1.0635467076328966,74215.6,False,,,,,,XRP/USDT,Binance US
492,2024-11-17 23:00:00,1.0633,1.0693,1.0548,1.0548,10218.0,1.064365,1.1176630605947522,1.0110669394052478,19.751992914083246,22.320637732506608,1.0636913406669688,70588.0,False,,,,,,XRP/USDT,Binance US
493,2024-11-18 00:00:00,1.0557,1.0857,1.0557,1.0724,19578.0,1.066235,1.117790928751965,1.0146790712480351,35.34100974313556,27.48745202243872,1.0718066794242316,56019.05,False,,,,,,XRP/USDT,Binance US
494,2024-11-18 01:00:00,1.0716,1.1382,1.0716,1.1237,135561.0,1.072175,1.1212938408486997,1.0230561591513005,80.77945084145257,45.29081783289045,1.0796064096211586,60949.0,True,,,,,,XRP/USDT,Binance US
495,2024-11-18 02:00:00,1.1229,1.1264,1.1002,1.1161,309715.0,1.0748149999999999,1.1274735535612403,1.0221564464387594,74.04782993799833,63.389430174195475,1.0882793431347404,72520.2,True,,,,,,XRP/USDT,Binance US
496,2024-11-18 03:00:00,1.1168,1.1358,1.1119,1.1171,206081.0,1.0772749999999998,1.1330764478212842,1.0214735521787153,80.03784295175015,78.288374577067,1.0922974856079448,81355.65,True,,,,,,XRP/USDT,Binance US
497,2024-11-18 04:00:00,1.1171,1.1443,1.1165,1.1443,146244.0,1.080395,1.1437516836918196,1.0170383163081804,100.0,84.69522429658282,1.09710630824942,85633.9,False,,,,,,XRP/USDT,Binance US
498,2024-11-18 05:00:00,1.1415,1.1854,1.1347,1.1645,389523.0,1.085055,1.1585016501690646,1.0116083498309356,86.3309352517986,88.78959273451625,1.110492140290747,102701.0,True,,,,,,XRP/USDT,Binance US
499,2024-11-18 06:00:00,1.1645,1.1859,1.1645,1.1857,56304.0,1.09121,1.1764229938201556,1.0059970061798444,99.86962190352023,95.4001857184396,1.114464562449054,101516.75,False,77445.0,72785.0,1.16265680934857,1.2050969828948273,51.550955202023566,XRP/USDT,Binance US
